uavsar_path,flood_mask_path
milton/tiles/fp3/uavsar/tile_00110.tif,milton/tiles/fp3/masks/tile_00110.tif
milton/tiles/fp2/uavsar/tile_00134.tif,milton/tiles/fp2/masks/tile_00134.tif
2025_Tile_Data/Only_PNG_Data/fp7/UAVSAR/tile_36_74.tif,2025_Tile_Data/Only_PNG_Data/fp7/flood_mask/tile_36_74.tif
2025_Tile_Data/Only_PNG_Data/fp3/UAVSAR/tile_35_36.tif,2025_Tile_Data/Only_PNG_Data/fp3/flood_mask/tile_35_36.tif
2025_Tile_Data/Only_PNG_Data/fp5/UAVSAR/tile_34_21.tif,2025_Tile_Data/Only_PNG_Data/fp5/flood_mask/tile_34_21.tif
milton/tiles/fp1/uavsar/tile_00094.tif,milton/tiles/fp1/masks/tile_00094.tif
2025_Tile_Data/Only_PNG_Data/fp7/UAVSAR/tile_22_61.tif,2025_Tile_Data/Only_PNG_Data/fp7/flood_mask/tile_22_61.tif
2025_Tile_Data/Only_PNG_Data/fp5/UAVSAR/tile_34_16.tif,2025_Tile_Data/Only_PNG_Data/fp5/flood_mask/tile_34_16.tif
milton/tiles/fp2/uavsar/tile_00140.tif,milton/tiles/fp2/masks/tile_00140.tif
2025_Tile_Data/Only_PNG_Data/fp2/UAVSAR/tile_32_45.tif,2025_Tile_Data/Only_PNG_Data/fp2/flood_mask/tile_32_45.tif
2025_Tile_Data/Only_PNG_Data/fp6/UAVSAR/tile_32_30.tif,2025_Tile_Data/Only_PNG_Data/fp6/flood_mask/tile_32_30.tif
2025_Tile_Data/Only_PNG_Data/fp5/UAVSAR/tile_47_29.tif,2025_Tile_Data/Only_PNG_Data/fp5/flood_mask/tile_47_29.tif
milton/tiles/fp1/uavsar/tile_00003.tif,milton/tiles/fp1/masks/tile_00003.tif
2025_Tile_Data/Only_PNG_Data/fp7/UAVSAR/tile_34_75.tif,2025_Tile_Data/Only_PNG_Data/fp7/flood_mask/tile_34_75.tif
2025_Tile_Data/Only_PNG_Data/fp3/UAVSAR/tile_40_42.tif,2025_Tile_Data/Only_PNG_Data/fp3/flood_mask/tile_40_42.tif
2025_Tile_Data/Only_PNG_Data/fp6/UAVSAR/tile_45_39.tif,2025_Tile_Data/Only_PNG_Data/fp6/flood_mask/tile_45_39.tif
milton/tiles/fp3/uavsar/tile_00028.tif,milton/tiles/fp3/masks/tile_00028.tif
milton/tiles/fp6/uavsar/tile_00040.tif,milton/tiles/fp6/masks/tile_00040.tif
milton/tiles/fp5/uavsar/tile_00085.tif,milton/tiles/fp5/masks/tile_00085.tif
milton/tiles/fp1/uavsar/tile_00142.tif,milton/tiles/fp1/masks/tile_00142.tif
milton/tiles/fp6/uavsar/tile_00159.tif,milton/tiles/fp6/masks/tile_00159.tif
milton/tiles/fp7/uavsar/tile_00004.tif,milton/tiles/fp7/masks/tile_00004.tif
milton/tiles/fp1/uavsar/tile_00147.tif,milton/tiles/fp1/masks/tile_00147.tif
milton/tiles/fp1/uavsar/tile_00089.tif,milton/tiles/fp1/masks/tile_00089.tif
milton/tiles/fp5/uavsar/tile_00061.tif,milton/tiles/fp5/masks/tile_00061.tif
milton/tiles/fp5/uavsar/tile_00074.tif,milton/tiles/fp5/masks/tile_00074.tif
2025_Tile_Data/Only_PNG_Data/fp2/UAVSAR/tile_23_45.tif,2025_Tile_Data/Only_PNG_Data/fp2/flood_mask/tile_23_45.tif
2025_Tile_Data/Only_PNG_Data/fp6/UAVSAR/tile_28_23.tif,2025_Tile_Data/Only_PNG_Data/fp6/flood_mask/tile_28_23.tif
2025_Tile_Data/Only_PNG_Data/fp2/UAVSAR/tile_42_44.tif,2025_Tile_Data/Only_PNG_Data/fp2/flood_mask/tile_42_44.tif
milton/tiles/fp6/uavsar/tile_00046.tif,milton/tiles/fp6/masks/tile_00046.tif
2025_Tile_Data/Only_PNG_Data/fp4/UAVSAR/tile_41_30.tif,2025_Tile_Data/Only_PNG_Data/fp4/flood_mask/tile_41_30.tif
milton/tiles/fp5/uavsar/tile_00001.tif,milton/tiles/fp5/masks/tile_00001.tif
2025_Tile_Data/Only_PNG_Data/fp6/UAVSAR/tile_43_40.tif,2025_Tile_Data/Only_PNG_Data/fp6/flood_mask/tile_43_40.tif
2025_Tile_Data/Only_PNG_Data/fp7/UAVSAR/tile_15_55.tif,2025_Tile_Data/Only_PNG_Data/fp7/flood_mask/tile_15_55.tif
2025_Tile_Data/Only_PNG_Data/fp3/UAVSAR/tile_39_38.tif,2025_Tile_Data/Only_PNG_Data/fp3/flood_mask/tile_39_38.tif
milton/tiles/fp7/uavsar/tile_00029.tif,milton/tiles/fp7/masks/tile_00029.tif
2025_Tile_Data/Only_PNG_Data/fp4/UAVSAR/tile_38_27.tif,2025_Tile_Data/Only_PNG_Data/fp4/flood_mask/tile_38_27.tif
2025_Tile_Data/Only_PNG_Data/fp6/UAVSAR/tile_27_23.tif,2025_Tile_Data/Only_PNG_Data/fp6/flood_mask/tile_27_23.tif
2025_Tile_Data/Only_PNG_Data/fp3/UAVSAR/tile_31_31.tif,2025_Tile_Data/Only_PNG_Data/fp3/flood_mask/tile_31_31.tif
milton/tiles/fp6/uavsar/tile_00068.tif,milton/tiles/fp6/masks/tile_00068.tif
2025_Tile_Data/Only_PNG_Data/fp6/UAVSAR/tile_47_41.tif,2025_Tile_Data/Only_PNG_Data/fp6/flood_mask/tile_47_41.tif
2025_Tile_Data/Only_PNG_Data/fp7/UAVSAR/tile_16_58.tif,2025_Tile_Data/Only_PNG_Data/fp7/flood_mask/tile_16_58.tif
2025_Tile_Data/Only_PNG_Data/fp6/UAVSAR/tile_26_19.tif,2025_Tile_Data/Only_PNG_Data/fp6/flood_mask/tile_26_19.tif
2025_Tile_Data/Only_PNG_Data/fp5/UAVSAR/tile_37_25.tif,2025_Tile_Data/Only_PNG_Data/fp5/flood_mask/tile_37_25.tif
milton/tiles/fp1/uavsar/tile_00126.tif,milton/tiles/fp1/masks/tile_00126.tif
milton/tiles/fp6/uavsar/tile_00124.tif,milton/tiles/fp6/masks/tile_00124.tif
milton/tiles/fp1/uavsar/tile_00058.tif,milton/tiles/fp1/masks/tile_00058.tif
2025_Tile_Data/Only_PNG_Data/fp5/UAVSAR/tile_37_26.tif,2025_Tile_Data/Only_PNG_Data/fp5/flood_mask/tile_37_26.tif
milton/tiles/fp1/uavsar/tile_00107.tif,milton/tiles/fp1/masks/tile_00107.tif
milton/tiles/fp1/uavsar/tile_00014.tif,milton/tiles/fp1/masks/tile_00014.tif
milton/tiles/fp6/uavsar/tile_00087.tif,milton/tiles/fp6/masks/tile_00087.tif
milton/tiles/fp3/uavsar/tile_00037.tif,milton/tiles/fp3/masks/tile_00037.tif
2025_Tile_Data/Only_PNG_Data/fp6/UAVSAR/tile_40_31.tif,2025_Tile_Data/Only_PNG_Data/fp6/flood_mask/tile_40_31.tif
milton/tiles/fp2/uavsar/tile_00040.tif,milton/tiles/fp2/masks/tile_00040.tif
milton/tiles/fp6/uavsar/tile_00119.tif,milton/tiles/fp6/masks/tile_00119.tif
milton/tiles/fp3/uavsar/tile_00084.tif,milton/tiles/fp3/masks/tile_00084.tif
milton/tiles/fp1/uavsar/tile_00074.tif,milton/tiles/fp1/masks/tile_00074.tif
2025_Tile_Data/Only_PNG_Data/fp4/UAVSAR/tile_32_18.tif,2025_Tile_Data/Only_PNG_Data/fp4/flood_mask/tile_32_18.tif
milton/tiles/fp5/uavsar/tile_00032.tif,milton/tiles/fp5/masks/tile_00032.tif
milton/tiles/fp1/uavsar/tile_00145.tif,milton/tiles/fp1/masks/tile_00145.tif
2025_Tile_Data/Only_PNG_Data/fp2/UAVSAR/tile_42_46.tif,2025_Tile_Data/Only_PNG_Data/fp2/flood_mask/tile_42_46.tif
2025_Tile_Data/Only_PNG_Data/fp7/UAVSAR/tile_32_73.tif,2025_Tile_Data/Only_PNG_Data/fp7/flood_mask/tile_32_73.tif
milton/tiles/fp6/uavsar/tile_00104.tif,milton/tiles/fp6/masks/tile_00104.tif
2025_Tile_Data/Only_PNG_Data/fp2/UAVSAR/tile_24_47.tif,2025_Tile_Data/Only_PNG_Data/fp2/flood_mask/tile_24_47.tif
milton/tiles/fp3/uavsar/tile_00029.tif,milton/tiles/fp3/masks/tile_00029.tif
2025_Tile_Data/Only_PNG_Data/fp2/UAVSAR/tile_29_46.tif,2025_Tile_Data/Only_PNG_Data/fp2/flood_mask/tile_29_46.tif
milton/tiles/fp2/uavsar/tile_00053.tif,milton/tiles/fp2/masks/tile_00053.tif
2025_Tile_Data/Only_PNG_Data/fp4/UAVSAR/tile_41_29.tif,2025_Tile_Data/Only_PNG_Data/fp4/flood_mask/tile_41_29.tif
milton/tiles/fp1/uavsar/tile_00031.tif,milton/tiles/fp1/masks/tile_00031.tif
2025_Tile_Data/Only_PNG_Data/fp6/UAVSAR/tile_39_37.tif,2025_Tile_Data/Only_PNG_Data/fp6/flood_mask/tile_39_37.tif
2025_Tile_Data/Only_PNG_Data/fp5/UAVSAR/tile_33_22.tif,2025_Tile_Data/Only_PNG_Data/fp5/flood_mask/tile_33_22.tif
milton/tiles/fp1/uavsar/tile_00166.tif,milton/tiles/fp1/masks/tile_00166.tif
2025_Tile_Data/Only_PNG_Data/fp2/UAVSAR/tile_35_47.tif,2025_Tile_Data/Only_PNG_Data/fp2/flood_mask/tile_35_47.tif
2025_Tile_Data/Only_PNG_Data/fp7/UAVSAR/tile_19_63.tif,2025_Tile_Data/Only_PNG_Data/fp7/flood_mask/tile_19_63.tif
2025_Tile_Data/Only_PNG_Data/fp7/UAVSAR/tile_30_70.tif,2025_Tile_Data/Only_PNG_Data/fp7/flood_mask/tile_30_70.tif
2025_Tile_Data/Only_PNG_Data/fp5/UAVSAR/tile_38_24.tif,2025_Tile_Data/Only_PNG_Data/fp5/flood_mask/tile_38_24.tif
2025_Tile_Data/Only_PNG_Data/fp3/UAVSAR/tile_30_33.tif,2025_Tile_Data/Only_PNG_Data/fp3/flood_mask/tile_30_33.tif
milton/tiles/fp5/uavsar/tile_00016.tif,milton/tiles/fp5/masks/tile_00016.tif
2025_Tile_Data/Only_PNG_Data/fp4/UAVSAR/tile_38_28.tif,2025_Tile_Data/Only_PNG_Data/fp4/flood_mask/tile_38_28.tif
milton/tiles/fp3/uavsar/tile_00050.tif,milton/tiles/fp3/masks/tile_00050.tif
milton/tiles/fp7/uavsar/tile_00031.tif,milton/tiles/fp7/masks/tile_00031.tif
2025_Tile_Data/Only_PNG_Data/fp2/UAVSAR/tile_36_48.tif,2025_Tile_Data/Only_PNG_Data/fp2/flood_mask/tile_36_48.tif
2025_Tile_Data/Only_PNG_Data/fp6/UAVSAR/tile_42_37.tif,2025_Tile_Data/Only_PNG_Data/fp6/flood_mask/tile_42_37.tif
2025_Tile_Data/Only_PNG_Data/fp4/UAVSAR/tile_36_24.tif,2025_Tile_Data/Only_PNG_Data/fp4/flood_mask/tile_36_24.tif
milton/tiles/fp1/uavsar/tile_00090.tif,milton/tiles/fp1/masks/tile_00090.tif
milton/tiles/fp2/uavsar/tile_00139.tif,milton/tiles/fp2/masks/tile_00139.tif
milton/tiles/fp3/uavsar/tile_00006.tif,milton/tiles/fp3/masks/tile_00006.tif
2025_Tile_Data/Only_PNG_Data/fp2/UAVSAR/tile_31_47.tif,2025_Tile_Data/Only_PNG_Data/fp2/flood_mask/tile_31_47.tif
2025_Tile_Data/Only_PNG_Data/fp4/UAVSAR/tile_35_24.tif,2025_Tile_Data/Only_PNG_Data/fp4/flood_mask/tile_35_24.tif
2025_Tile_Data/Only_PNG_Data/fp7/UAVSAR/tile_35_74.tif,2025_Tile_Data/Only_PNG_Data/fp7/flood_mask/tile_35_74.tif
2025_Tile_Data/Only_PNG_Data/fp3/UAVSAR/tile_45_45.tif,2025_Tile_Data/Only_PNG_Data/fp3/flood_mask/tile_45_45.tif
2025_Tile_Data/Only_PNG_Data/fp7/UAVSAR/tile_29_67.tif,2025_Tile_Data/Only_PNG_Data/fp7/flood_mask/tile_29_67.tif
2025_Tile_Data/Only_PNG_Data/fp3/UAVSAR/tile_37_35.tif,2025_Tile_Data/Only_PNG_Data/fp3/flood_mask/tile_37_35.tif
milton/tiles/fp2/uavsar/tile_00090.tif,milton/tiles/fp2/masks/tile_00090.tif
milton/tiles/fp6/uavsar/tile_00090.tif,milton/tiles/fp6/masks/tile_00090.tif
2025_Tile_Data/Only_PNG_Data/fp2/UAVSAR/tile_20_45.tif,2025_Tile_Data/Only_PNG_Data/fp2/flood_mask/tile_20_45.tif
2025_Tile_Data/Only_PNG_Data/fp6/UAVSAR/tile_34_28.tif,2025_Tile_Data/Only_PNG_Data/fp6/flood_mask/tile_34_28.tif
milton/tiles/fp1/uavsar/tile_00100.tif,milton/tiles/fp1/masks/tile_00100.tif
2025_Tile_Data/Only_PNG_Data/fp2/UAVSAR/tile_27_45.tif,2025_Tile_Data/Only_PNG_Data/fp2/flood_mask/tile_27_45.tif
2025_Tile_Data/Only_PNG_Data/fp4/UAVSAR/tile_29_18.tif,2025_Tile_Data/Only_PNG_Data/fp4/flood_mask/tile_29_18.tif
2025_Tile_Data/Only_PNG_Data/fp5/UAVSAR/tile_37_21.tif,2025_Tile_Data/Only_PNG_Data/fp5/flood_mask/tile_37_21.tif
milton/tiles/fp6/uavsar/tile_00118.tif,milton/tiles/fp6/masks/tile_00118.tif
milton/tiles/fp4/uavsar/tile_00010.tif,milton/tiles/fp4/masks/tile_00010.tif
2025_Tile_Data/Only_PNG_Data/fp5/UAVSAR/tile_38_25.tif,2025_Tile_Data/Only_PNG_Data/fp5/flood_mask/tile_38_25.tif
milton/tiles/fp4/uavsar/tile_00017.tif,milton/tiles/fp4/masks/tile_00017.tif
2025_Tile_Data/Only_PNG_Data/fp7/UAVSAR/tile_18_61.tif,2025_Tile_Data/Only_PNG_Data/fp7/flood_mask/tile_18_61.tif
2025_Tile_Data/Only_PNG_Data/fp6/UAVSAR/tile_32_29.tif,2025_Tile_Data/Only_PNG_Data/fp6/flood_mask/tile_32_29.tif
milton/tiles/fp2/uavsar/tile_00054.tif,milton/tiles/fp2/masks/tile_00054.tif
2025_Tile_Data/Only_PNG_Data/fp5/UAVSAR/tile_43_26.tif,2025_Tile_Data/Only_PNG_Data/fp5/flood_mask/tile_43_26.tif
milton/tiles/fp4/uavsar/tile_00012.tif,milton/tiles/fp4/masks/tile_00012.tif
2025_Tile_Data/Only_PNG_Data/fp2/UAVSAR/tile_38_48.tif,2025_Tile_Data/Only_PNG_Data/fp2/flood_mask/tile_38_48.tif
2025_Tile_Data/Only_PNG_Data/fp5/UAVSAR/tile_41_24.tif,2025_Tile_Data/Only_PNG_Data/fp5/flood_mask/tile_41_24.tif
2025_Tile_Data/Only_PNG_Data/fp2/UAVSAR/tile_41_49.tif,2025_Tile_Data/Only_PNG_Data/fp2/flood_mask/tile_41_49.tif
milton/tiles/fp1/uavsar/tile_00030.tif,milton/tiles/fp1/masks/tile_00030.tif
milton/tiles/fp7/uavsar/tile_00017.tif,milton/tiles/fp7/masks/tile_00017.tif
milton/tiles/fp6/uavsar/tile_00092.tif,milton/tiles/fp6/masks/tile_00092.tif
2025_Tile_Data/Only_PNG_Data/fp6/UAVSAR/tile_38_34.tif,2025_Tile_Data/Only_PNG_Data/fp6/flood_mask/tile_38_34.tif
2025_Tile_Data/Only_PNG_Data/fp4/UAVSAR/tile_39_27.tif,2025_Tile_Data/Only_PNG_Data/fp4/flood_mask/tile_39_27.tif
2025_Tile_Data/Only_PNG_Data/fp4/UAVSAR/tile_37_31.tif,2025_Tile_Data/Only_PNG_Data/fp4/flood_mask/tile_37_31.tif
2025_Tile_Data/Only_PNG_Data/fp6/UAVSAR/tile_34_31.tif,2025_Tile_Data/Only_PNG_Data/fp6/flood_mask/tile_34_31.tif
milton/tiles/fp1/uavsar/tile_00121.tif,milton/tiles/fp1/masks/tile_00121.tif
2025_Tile_Data/Only_PNG_Data/fp4/UAVSAR/tile_45_30.tif,2025_Tile_Data/Only_PNG_Data/fp4/flood_mask/tile_45_30.tif
milton/tiles/fp1/uavsar/tile_00084.tif,milton/tiles/fp1/masks/tile_00084.tif
milton/tiles/fp4/uavsar/tile_00038.tif,milton/tiles/fp4/masks/tile_00038.tif
milton/tiles/fp1/uavsar/tile_00048.tif,milton/tiles/fp1/masks/tile_00048.tif
2025_Tile_Data/Only_PNG_Data/fp4/UAVSAR/tile_28_15.tif,2025_Tile_Data/Only_PNG_Data/fp4/flood_mask/tile_28_15.tif
2025_Tile_Data/Only_PNG_Data/fp6/UAVSAR/tile_45_43.tif,2025_Tile_Data/Only_PNG_Data/fp6/flood_mask/tile_45_43.tif
2025_Tile_Data/Only_PNG_Data/fp2/UAVSAR/tile_21_46.tif,2025_Tile_Data/Only_PNG_Data/fp2/flood_mask/tile_21_46.tif
2025_Tile_Data/Only_PNG_Data/fp4/UAVSAR/tile_36_23.tif,2025_Tile_Data/Only_PNG_Data/fp4/flood_mask/tile_36_23.tif
milton/tiles/fp3/uavsar/tile_00007.tif,milton/tiles/fp3/masks/tile_00007.tif
2025_Tile_Data/Only_PNG_Data/fp4/UAVSAR/tile_32_24.tif,2025_Tile_Data/Only_PNG_Data/fp4/flood_mask/tile_32_24.tif
2025_Tile_Data/Only_PNG_Data/fp6/UAVSAR/tile_34_29.tif,2025_Tile_Data/Only_PNG_Data/fp6/flood_mask/tile_34_29.tif
milton/tiles/fp7/uavsar/tile_00028.tif,milton/tiles/fp7/masks/tile_00028.tif
milton/tiles/fp4/uavsar/tile_00021.tif,milton/tiles/fp4/masks/tile_00021.tif
milton/tiles/fp6/uavsar/tile_00014.tif,milton/tiles/fp6/masks/tile_00014.tif
milton/tiles/fp6/uavsar/tile_00148.tif,milton/tiles/fp6/masks/tile_00148.tif
2025_Tile_Data/Only_PNG_Data/fp7/UAVSAR/tile_15_58.tif,2025_Tile_Data/Only_PNG_Data/fp7/flood_mask/tile_15_58.tif
milton/tiles/fp6/uavsar/tile_00120.tif,milton/tiles/fp6/masks/tile_00120.tif
milton/tiles/fp6/uavsar/tile_00099.tif,milton/tiles/fp6/masks/tile_00099.tif
2025_Tile_Data/Only_PNG_Data/fp5/UAVSAR/tile_28_16.tif,2025_Tile_Data/Only_PNG_Data/fp5/flood_mask/tile_28_16.tif
2025_Tile_Data/Only_PNG_Data/fp4/UAVSAR/tile_33_23.tif,2025_Tile_Data/Only_PNG_Data/fp4/flood_mask/tile_33_23.tif
2025_Tile_Data/Only_PNG_Data/fp3/UAVSAR/tile_26_22.tif,2025_Tile_Data/Only_PNG_Data/fp3/flood_mask/tile_26_22.tif
2025_Tile_Data/Only_PNG_Data/fp6/UAVSAR/tile_35_30.tif,2025_Tile_Data/Only_PNG_Data/fp6/flood_mask/tile_35_30.tif
2025_Tile_Data/Only_PNG_Data/fp7/UAVSAR/tile_18_60.tif,2025_Tile_Data/Only_PNG_Data/fp7/flood_mask/tile_18_60.tif
milton/tiles/fp6/uavsar/tile_00076.tif,milton/tiles/fp6/masks/tile_00076.tif
milton/tiles/fp3/uavsar/tile_00061.tif,milton/tiles/fp3/masks/tile_00061.tif
milton/tiles/fp6/uavsar/tile_00080.tif,milton/tiles/fp6/masks/tile_00080.tif
2025_Tile_Data/Only_PNG_Data/fp6/UAVSAR/tile_45_42.tif,2025_Tile_Data/Only_PNG_Data/fp6/flood_mask/tile_45_42.tif
milton/tiles/fp2/uavsar/tile_00058.tif,milton/tiles/fp2/masks/tile_00058.tif
milton/tiles/fp3/uavsar/tile_00078.tif,milton/tiles/fp3/masks/tile_00078.tif
2025_Tile_Data/Only_PNG_Data/fp7/UAVSAR/tile_21_64.tif,2025_Tile_Data/Only_PNG_Data/fp7/flood_mask/tile_21_64.tif
milton/tiles/fp6/uavsar/tile_00145.tif,milton/tiles/fp6/masks/tile_00145.tif
milton/tiles/fp3/uavsar/tile_00026.tif,milton/tiles/fp3/masks/tile_00026.tif
milton/tiles/fp6/uavsar/tile_00086.tif,milton/tiles/fp6/masks/tile_00086.tif
2025_Tile_Data/Only_PNG_Data/fp3/UAVSAR/tile_38_37.tif,2025_Tile_Data/Only_PNG_Data/fp3/flood_mask/tile_38_37.tif
2025_Tile_Data/Only_PNG_Data/fp2/UAVSAR/tile_45_45.tif,2025_Tile_Data/Only_PNG_Data/fp2/flood_mask/tile_45_45.tif
2025_Tile_Data/Only_PNG_Data/fp5/UAVSAR/tile_42_31.tif,2025_Tile_Data/Only_PNG_Data/fp5/flood_mask/tile_42_31.tif
milton/tiles/fp2/uavsar/tile_00008.tif,milton/tiles/fp2/masks/tile_00008.tif
2025_Tile_Data/Only_PNG_Data/fp5/UAVSAR/tile_30_13.tif,2025_Tile_Data/Only_PNG_Data/fp5/flood_mask/tile_30_13.tif
milton/tiles/fp6/uavsar/tile_00052.tif,milton/tiles/fp6/masks/tile_00052.tif
2025_Tile_Data/Only_PNG_Data/fp3/UAVSAR/tile_26_24.tif,2025_Tile_Data/Only_PNG_Data/fp3/flood_mask/tile_26_24.tif
milton/tiles/fp6/uavsar/tile_00044.tif,milton/tiles/fp6/masks/tile_00044.tif
2025_Tile_Data/Only_PNG_Data/fp6/UAVSAR/tile_35_28.tif,2025_Tile_Data/Only_PNG_Data/fp6/flood_mask/tile_35_28.tif
2025_Tile_Data/Only_PNG_Data/fp3/UAVSAR/tile_29_26.tif,2025_Tile_Data/Only_PNG_Data/fp3/flood_mask/tile_29_26.tif
milton/tiles/fp3/uavsar/tile_00066.tif,milton/tiles/fp3/masks/tile_00066.tif
2025_Tile_Data/Only_PNG_Data/fp7/UAVSAR/tile_28_68.tif,2025_Tile_Data/Only_PNG_Data/fp7/flood_mask/tile_28_68.tif
2025_Tile_Data/Only_PNG_Data/fp5/UAVSAR/tile_40_25.tif,2025_Tile_Data/Only_PNG_Data/fp5/flood_mask/tile_40_25.tif
milton/tiles/fp5/uavsar/tile_00088.tif,milton/tiles/fp5/masks/tile_00088.tif
2025_Tile_Data/Only_PNG_Data/fp5/UAVSAR/tile_37_19.tif,2025_Tile_Data/Only_PNG_Data/fp5/flood_mask/tile_37_19.tif
milton/tiles/fp1/uavsar/tile_00019.tif,milton/tiles/fp1/masks/tile_00019.tif
2025_Tile_Data/Only_PNG_Data/fp2/UAVSAR/tile_18_42.tif,2025_Tile_Data/Only_PNG_Data/fp2/flood_mask/tile_18_42.tif
milton/tiles/fp1/uavsar/tile_00136.tif,milton/tiles/fp1/masks/tile_00136.tif
milton/tiles/fp1/uavsar/tile_00076.tif,milton/tiles/fp1/masks/tile_00076.tif
milton/tiles/fp3/uavsar/tile_00108.tif,milton/tiles/fp3/masks/tile_00108.tif
2025_Tile_Data/Only_PNG_Data/fp5/UAVSAR/tile_47_30.tif,2025_Tile_Data/Only_PNG_Data/fp5/flood_mask/tile_47_30.tif
2025_Tile_Data/Only_PNG_Data/fp6/UAVSAR/tile_40_33.tif,2025_Tile_Data/Only_PNG_Data/fp6/flood_mask/tile_40_33.tif
milton/tiles/fp6/uavsar/tile_00112.tif,milton/tiles/fp6/masks/tile_00112.tif
milton/tiles/fp5/uavsar/tile_00006.tif,milton/tiles/fp5/masks/tile_00006.tif
2025_Tile_Data/Only_PNG_Data/fp7/UAVSAR/tile_30_71.tif,2025_Tile_Data/Only_PNG_Data/fp7/flood_mask/tile_30_71.tif
2025_Tile_Data/Only_PNG_Data/fp4/UAVSAR/tile_37_25.tif,2025_Tile_Data/Only_PNG_Data/fp4/flood_mask/tile_37_25.tif
2025_Tile_Data/Only_PNG_Data/fp2/UAVSAR/tile_34_47.tif,2025_Tile_Data/Only_PNG_Data/fp2/flood_mask/tile_34_47.tif
2025_Tile_Data/Only_PNG_Data/fp6/UAVSAR/tile_32_25.tif,2025_Tile_Data/Only_PNG_Data/fp6/flood_mask/tile_32_25.tif
2025_Tile_Data/Only_PNG_Data/fp3/UAVSAR/tile_28_31.tif,2025_Tile_Data/Only_PNG_Data/fp3/flood_mask/tile_28_31.tif
2025_Tile_Data/Only_PNG_Data/fp3/UAVSAR/tile_30_30.tif,2025_Tile_Data/Only_PNG_Data/fp3/flood_mask/tile_30_30.tif
2025_Tile_Data/Only_PNG_Data/fp6/UAVSAR/tile_29_25.tif,2025_Tile_Data/Only_PNG_Data/fp6/flood_mask/tile_29_25.tif
2025_Tile_Data/Only_PNG_Data/fp3/UAVSAR/tile_40_40.tif,2025_Tile_Data/Only_PNG_Data/fp3/flood_mask/tile_40_40.tif
milton/tiles/fp6/uavsar/tile_00071.tif,milton/tiles/fp6/masks/tile_00071.tif
2025_Tile_Data/Only_PNG_Data/fp4/UAVSAR/tile_42_35.tif,2025_Tile_Data/Only_PNG_Data/fp4/flood_mask/tile_42_35.tif
2025_Tile_Data/Only_PNG_Data/fp4/UAVSAR/tile_36_25.tif,2025_Tile_Data/Only_PNG_Data/fp4/flood_mask/tile_36_25.tif
milton/tiles/fp3/uavsar/tile_00065.tif,milton/tiles/fp3/masks/tile_00065.tif
2025_Tile_Data/Only_PNG_Data/fp3/UAVSAR/tile_46_44.tif,2025_Tile_Data/Only_PNG_Data/fp3/flood_mask/tile_46_44.tif
2025_Tile_Data/Only_PNG_Data/fp2/UAVSAR/tile_29_45.tif,2025_Tile_Data/Only_PNG_Data/fp2/flood_mask/tile_29_45.tif
milton/tiles/fp5/uavsar/tile_00060.tif,milton/tiles/fp5/masks/tile_00060.tif
2025_Tile_Data/Only_PNG_Data/fp2/UAVSAR/tile_26_47.tif,2025_Tile_Data/Only_PNG_Data/fp2/flood_mask/tile_26_47.tif
2025_Tile_Data/Only_PNG_Data/fp6/UAVSAR/tile_26_25.tif,2025_Tile_Data/Only_PNG_Data/fp6/flood_mask/tile_26_25.tif
2025_Tile_Data/Only_PNG_Data/fp4/UAVSAR/tile_27_18.tif,2025_Tile_Data/Only_PNG_Data/fp4/flood_mask/tile_27_18.tif
2025_Tile_Data/Only_PNG_Data/fp3/UAVSAR/tile_28_27.tif,2025_Tile_Data/Only_PNG_Data/fp3/flood_mask/tile_28_27.tif
2025_Tile_Data/Only_PNG_Data/fp4/UAVSAR/tile_44_31.tif,2025_Tile_Data/Only_PNG_Data/fp4/flood_mask/tile_44_31.tif
milton/tiles/fp1/uavsar/tile_00036.tif,milton/tiles/fp1/masks/tile_00036.tif
2025_Tile_Data/Only_PNG_Data/fp2/UAVSAR/tile_39_47.tif,2025_Tile_Data/Only_PNG_Data/fp2/flood_mask/tile_39_47.tif
2025_Tile_Data/Only_PNG_Data/fp4/UAVSAR/tile_43_30.tif,2025_Tile_Data/Only_PNG_Data/fp4/flood_mask/tile_43_30.tif
2025_Tile_Data/Only_PNG_Data/fp2/UAVSAR/tile_37_47.tif,2025_Tile_Data/Only_PNG_Data/fp2/flood_mask/tile_37_47.tif
milton/tiles/fp5/uavsar/tile_00017.tif,milton/tiles/fp5/masks/tile_00017.tif
2025_Tile_Data/Only_PNG_Data/fp6/UAVSAR/tile_45_44.tif,2025_Tile_Data/Only_PNG_Data/fp6/flood_mask/tile_45_44.tif
2025_Tile_Data/Only_PNG_Data/fp3/UAVSAR/tile_39_37.tif,2025_Tile_Data/Only_PNG_Data/fp3/flood_mask/tile_39_37.tif
milton/tiles/fp1/uavsar/tile_00049.tif,milton/tiles/fp1/masks/tile_00049.tif
2025_Tile_Data/Only_PNG_Data/fp2/UAVSAR/tile_24_45.tif,2025_Tile_Data/Only_PNG_Data/fp2/flood_mask/tile_24_45.tif
2025_Tile_Data/Only_PNG_Data/fp7/UAVSAR/tile_35_73.tif,2025_Tile_Data/Only_PNG_Data/fp7/flood_mask/tile_35_73.tif
2025_Tile_Data/Only_PNG_Data/fp4/UAVSAR/tile_29_21.tif,2025_Tile_Data/Only_PNG_Data/fp4/flood_mask/tile_29_21.tif
2025_Tile_Data/Only_PNG_Data/fp6/UAVSAR/tile_43_42.tif,2025_Tile_Data/Only_PNG_Data/fp6/flood_mask/tile_43_42.tif
2025_Tile_Data/Only_PNG_Data/fp7/UAVSAR/tile_17_60.tif,2025_Tile_Data/Only_PNG_Data/fp7/flood_mask/tile_17_60.tif
2025_Tile_Data/Only_PNG_Data/fp4/UAVSAR/tile_31_17.tif,2025_Tile_Data/Only_PNG_Data/fp4/flood_mask/tile_31_17.tif
milton/tiles/fp4/uavsar/tile_00013.tif,milton/tiles/fp4/masks/tile_00013.tif
milton/tiles/fp2/uavsar/tile_00045.tif,milton/tiles/fp2/masks/tile_00045.tif
2025_Tile_Data/Only_PNG_Data/fp4/UAVSAR/tile_32_19.tif,2025_Tile_Data/Only_PNG_Data/fp4/flood_mask/tile_32_19.tif
milton/tiles/fp3/uavsar/tile_00075.tif,milton/tiles/fp3/masks/tile_00075.tif
2025_Tile_Data/Only_PNG_Data/fp7/UAVSAR/tile_14_57.tif,2025_Tile_Data/Only_PNG_Data/fp7/flood_mask/tile_14_57.tif
milton/tiles/fp5/uavsar/tile_00063.tif,milton/tiles/fp5/masks/tile_00063.tif
milton/tiles/fp1/uavsar/tile_00179.tif,milton/tiles/fp1/masks/tile_00179.tif
2025_Tile_Data/Only_PNG_Data/fp4/UAVSAR/tile_40_29.tif,2025_Tile_Data/Only_PNG_Data/fp4/flood_mask/tile_40_29.tif
2025_Tile_Data/Only_PNG_Data/fp3/UAVSAR/tile_25_25.tif,2025_Tile_Data/Only_PNG_Data/fp3/flood_mask/tile_25_25.tif
2025_Tile_Data/Only_PNG_Data/fp2/UAVSAR/tile_19_44.tif,2025_Tile_Data/Only_PNG_Data/fp2/flood_mask/tile_19_44.tif
2025_Tile_Data/Only_PNG_Data/fp5/UAVSAR/tile_45_33.tif,2025_Tile_Data/Only_PNG_Data/fp5/flood_mask/tile_45_33.tif
milton/tiles/fp6/uavsar/tile_00069.tif,milton/tiles/fp6/masks/tile_00069.tif
milton/tiles/fp2/uavsar/tile_00121.tif,milton/tiles/fp2/masks/tile_00121.tif
2025_Tile_Data/Only_PNG_Data/fp4/UAVSAR/tile_43_36.tif,2025_Tile_Data/Only_PNG_Data/fp4/flood_mask/tile_43_36.tif
milton/tiles/fp3/uavsar/tile_00001.tif,milton/tiles/fp3/masks/tile_00001.tif
2025_Tile_Data/Only_PNG_Data/fp4/UAVSAR/tile_31_20.tif,2025_Tile_Data/Only_PNG_Data/fp4/flood_mask/tile_31_20.tif
milton/tiles/fp3/uavsar/tile_00043.tif,milton/tiles/fp3/masks/tile_00043.tif
milton/tiles/fp1/uavsar/tile_00162.tif,milton/tiles/fp1/masks/tile_00162.tif
milton/tiles/fp1/uavsar/tile_00124.tif,milton/tiles/fp1/masks/tile_00124.tif
2025_Tile_Data/Only_PNG_Data/fp6/UAVSAR/tile_29_24.tif,2025_Tile_Data/Only_PNG_Data/fp6/flood_mask/tile_29_24.tif
2025_Tile_Data/Only_PNG_Data/fp6/UAVSAR/tile_45_41.tif,2025_Tile_Data/Only_PNG_Data/fp6/flood_mask/tile_45_41.tif
milton/tiles/fp2/uavsar/tile_00124.tif,milton/tiles/fp2/masks/tile_00124.tif
2025_Tile_Data/Only_PNG_Data/fp4/UAVSAR/tile_37_24.tif,2025_Tile_Data/Only_PNG_Data/fp4/flood_mask/tile_37_24.tif
milton/tiles/fp2/uavsar/tile_00062.tif,milton/tiles/fp2/masks/tile_00062.tif
milton/tiles/fp2/uavsar/tile_00010.tif,milton/tiles/fp2/masks/tile_00010.tif
2025_Tile_Data/Only_PNG_Data/fp2/UAVSAR/tile_26_44.tif,2025_Tile_Data/Only_PNG_Data/fp2/flood_mask/tile_26_44.tif
2025_Tile_Data/Only_PNG_Data/fp4/UAVSAR/tile_40_30.tif,2025_Tile_Data/Only_PNG_Data/fp4/flood_mask/tile_40_30.tif
milton/tiles/fp3/uavsar/tile_00014.tif,milton/tiles/fp3/masks/tile_00014.tif
milton/tiles/fp1/uavsar/tile_00061.tif,milton/tiles/fp1/masks/tile_00061.tif
milton/tiles/fp1/uavsar/tile_00178.tif,milton/tiles/fp1/masks/tile_00178.tif
2025_Tile_Data/Only_PNG_Data/fp3/UAVSAR/tile_39_41.tif,2025_Tile_Data/Only_PNG_Data/fp3/flood_mask/tile_39_41.tif
milton/tiles/fp5/uavsar/tile_00023.tif,milton/tiles/fp5/masks/tile_00023.tif
2025_Tile_Data/Only_PNG_Data/fp4/UAVSAR/tile_30_18.tif,2025_Tile_Data/Only_PNG_Data/fp4/flood_mask/tile_30_18.tif
milton/tiles/fp2/uavsar/tile_00127.tif,milton/tiles/fp2/masks/tile_00127.tif
2025_Tile_Data/Only_PNG_Data/fp4/UAVSAR/tile_36_28.tif,2025_Tile_Data/Only_PNG_Data/fp4/flood_mask/tile_36_28.tif
milton/tiles/fp1/uavsar/tile_00176.tif,milton/tiles/fp1/masks/tile_00176.tif
2025_Tile_Data/Only_PNG_Data/fp6/UAVSAR/tile_44_37.tif,2025_Tile_Data/Only_PNG_Data/fp6/flood_mask/tile_44_37.tif
milton/tiles/fp4/uavsar/tile_00030.tif,milton/tiles/fp4/masks/tile_00030.tif
2025_Tile_Data/Only_PNG_Data/fp4/UAVSAR/tile_32_26.tif,2025_Tile_Data/Only_PNG_Data/fp4/flood_mask/tile_32_26.tif
2025_Tile_Data/Only_PNG_Data/fp7/UAVSAR/tile_21_60.tif,2025_Tile_Data/Only_PNG_Data/fp7/flood_mask/tile_21_60.tif
milton/tiles/fp1/uavsar/tile_00097.tif,milton/tiles/fp1/masks/tile_00097.tif
milton/tiles/fp7/uavsar/tile_00033.tif,milton/tiles/fp7/masks/tile_00033.tif
milton/tiles/fp6/uavsar/tile_00155.tif,milton/tiles/fp6/masks/tile_00155.tif
milton/tiles/fp1/uavsar/tile_00041.tif,milton/tiles/fp1/masks/tile_00041.tif
2025_Tile_Data/Only_PNG_Data/fp5/UAVSAR/tile_42_30.tif,2025_Tile_Data/Only_PNG_Data/fp5/flood_mask/tile_42_30.tif
2025_Tile_Data/Only_PNG_Data/fp6/UAVSAR/tile_33_25.tif,2025_Tile_Data/Only_PNG_Data/fp6/flood_mask/tile_33_25.tif
milton/tiles/fp3/uavsar/tile_00025.tif,milton/tiles/fp3/masks/tile_00025.tif
milton/tiles/fp1/uavsar/tile_00029.tif,milton/tiles/fp1/masks/tile_00029.tif
2025_Tile_Data/Only_PNG_Data/fp6/UAVSAR/tile_41_33.tif,2025_Tile_Data/Only_PNG_Data/fp6/flood_mask/tile_41_33.tif
milton/tiles/fp3/uavsar/tile_00087.tif,milton/tiles/fp3/masks/tile_00087.tif
2025_Tile_Data/Only_PNG_Data/fp5/UAVSAR/tile_33_19.tif,2025_Tile_Data/Only_PNG_Data/fp5/flood_mask/tile_33_19.tif
milton/tiles/fp7/uavsar/tile_00007.tif,milton/tiles/fp7/masks/tile_00007.tif
2025_Tile_Data/Only_PNG_Data/fp4/UAVSAR/tile_40_34.tif,2025_Tile_Data/Only_PNG_Data/fp4/flood_mask/tile_40_34.tif
2025_Tile_Data/Only_PNG_Data/fp7/UAVSAR/tile_33_70.tif,2025_Tile_Data/Only_PNG_Data/fp7/flood_mask/tile_33_70.tif
2025_Tile_Data/Only_PNG_Data/fp2/UAVSAR/tile_32_47.tif,2025_Tile_Data/Only_PNG_Data/fp2/flood_mask/tile_32_47.tif
milton/tiles/fp3/uavsar/tile_00114.tif,milton/tiles/fp3/masks/tile_00114.tif
2025_Tile_Data/Only_PNG_Data/fp5/UAVSAR/tile_33_20.tif,2025_Tile_Data/Only_PNG_Data/fp5/flood_mask/tile_33_20.tif
milton/tiles/fp4/uavsar/tile_00039.tif,milton/tiles/fp4/masks/tile_00039.tif
milton/tiles/fp2/uavsar/tile_00074.tif,milton/tiles/fp2/masks/tile_00074.tif
milton/tiles/fp3/uavsar/tile_00086.tif,milton/tiles/fp3/masks/tile_00086.tif
milton/tiles/fp1/uavsar/tile_00155.tif,milton/tiles/fp1/masks/tile_00155.tif
2025_Tile_Data/Only_PNG_Data/fp4/UAVSAR/tile_45_35.tif,2025_Tile_Data/Only_PNG_Data/fp4/flood_mask/tile_45_35.tif
2025_Tile_Data/Only_PNG_Data/fp7/UAVSAR/tile_27_69.tif,2025_Tile_Data/Only_PNG_Data/fp7/flood_mask/tile_27_69.tif
2025_Tile_Data/Only_PNG_Data/fp5/UAVSAR/tile_27_16.tif,2025_Tile_Data/Only_PNG_Data/fp5/flood_mask/tile_27_16.tif
2025_Tile_Data/Only_PNG_Data/fp5/UAVSAR/tile_30_15.tif,2025_Tile_Data/Only_PNG_Data/fp5/flood_mask/tile_30_15.tif
2025_Tile_Data/Only_PNG_Data/fp4/UAVSAR/tile_41_27.tif,2025_Tile_Data/Only_PNG_Data/fp4/flood_mask/tile_41_27.tif
2025_Tile_Data/Only_PNG_Data/fp3/UAVSAR/tile_43_45.tif,2025_Tile_Data/Only_PNG_Data/fp3/flood_mask/tile_43_45.tif
milton/tiles/fp7/uavsar/tile_00006.tif,milton/tiles/fp7/masks/tile_00006.tif
2025_Tile_Data/Only_PNG_Data/fp7/UAVSAR/tile_21_61.tif,2025_Tile_Data/Only_PNG_Data/fp7/flood_mask/tile_21_61.tif
2025_Tile_Data/Only_PNG_Data/fp6/UAVSAR/tile_27_18.tif,2025_Tile_Data/Only_PNG_Data/fp6/flood_mask/tile_27_18.tif
2025_Tile_Data/Only_PNG_Data/fp3/UAVSAR/tile_26_28.tif,2025_Tile_Data/Only_PNG_Data/fp3/flood_mask/tile_26_28.tif
milton/tiles/fp4/uavsar/tile_00024.tif,milton/tiles/fp4/masks/tile_00024.tif
2025_Tile_Data/Only_PNG_Data/fp4/UAVSAR/tile_46_32.tif,2025_Tile_Data/Only_PNG_Data/fp4/flood_mask/tile_46_32.tif
milton/tiles/fp1/uavsar/tile_00144.tif,milton/tiles/fp1/masks/tile_00144.tif
milton/tiles/fp5/uavsar/tile_00030.tif,milton/tiles/fp5/masks/tile_00030.tif
milton/tiles/fp6/uavsar/tile_00028.tif,milton/tiles/fp6/masks/tile_00028.tif
2025_Tile_Data/Only_PNG_Data/fp4/UAVSAR/tile_40_27.tif,2025_Tile_Data/Only_PNG_Data/fp4/flood_mask/tile_40_27.tif
milton/tiles/fp6/uavsar/tile_00010.tif,milton/tiles/fp6/masks/tile_00010.tif
2025_Tile_Data/Only_PNG_Data/fp7/UAVSAR/tile_18_58.tif,2025_Tile_Data/Only_PNG_Data/fp7/flood_mask/tile_18_58.tif
2025_Tile_Data/Only_PNG_Data/fp5/UAVSAR/tile_39_22.tif,2025_Tile_Data/Only_PNG_Data/fp5/flood_mask/tile_39_22.tif
milton/tiles/fp1/uavsar/tile_00088.tif,milton/tiles/fp1/masks/tile_00088.tif
2025_Tile_Data/Only_PNG_Data/fp3/UAVSAR/tile_27_26.tif,2025_Tile_Data/Only_PNG_Data/fp3/flood_mask/tile_27_26.tif
2025_Tile_Data/Only_PNG_Data/fp6/UAVSAR/tile_41_38.tif,2025_Tile_Data/Only_PNG_Data/fp6/flood_mask/tile_41_38.tif
2025_Tile_Data/Only_PNG_Data/fp5/UAVSAR/tile_46_32.tif,2025_Tile_Data/Only_PNG_Data/fp5/flood_mask/tile_46_32.tif
2025_Tile_Data/Only_PNG_Data/fp7/UAVSAR/tile_36_75.tif,2025_Tile_Data/Only_PNG_Data/fp7/flood_mask/tile_36_75.tif
milton/tiles/fp4/uavsar/tile_00005.tif,milton/tiles/fp4/masks/tile_00005.tif
2025_Tile_Data/Only_PNG_Data/fp5/UAVSAR/tile_30_17.tif,2025_Tile_Data/Only_PNG_Data/fp5/flood_mask/tile_30_17.tif
milton/tiles/fp1/uavsar/tile_00139.tif,milton/tiles/fp1/masks/tile_00139.tif
2025_Tile_Data/Only_PNG_Data/fp3/UAVSAR/tile_45_43.tif,2025_Tile_Data/Only_PNG_Data/fp3/flood_mask/tile_45_43.tif
2025_Tile_Data/Only_PNG_Data/fp2/UAVSAR/tile_46_47.tif,2025_Tile_Data/Only_PNG_Data/fp2/flood_mask/tile_46_47.tif
milton/tiles/fp2/uavsar/tile_00001.tif,milton/tiles/fp2/masks/tile_00001.tif
milton/tiles/fp3/uavsar/tile_00031.tif,milton/tiles/fp3/masks/tile_00031.tif
2025_Tile_Data/Only_PNG_Data/fp3/UAVSAR/tile_34_34.tif,2025_Tile_Data/Only_PNG_Data/fp3/flood_mask/tile_34_34.tif
2025_Tile_Data/Only_PNG_Data/fp7/UAVSAR/tile_13_56.tif,2025_Tile_Data/Only_PNG_Data/fp7/flood_mask/tile_13_56.tif
milton/tiles/fp1/uavsar/tile_00120.tif,milton/tiles/fp1/masks/tile_00120.tif
2025_Tile_Data/Only_PNG_Data/fp6/UAVSAR/tile_39_31.tif,2025_Tile_Data/Only_PNG_Data/fp6/flood_mask/tile_39_31.tif
milton/tiles/fp2/uavsar/tile_00022.tif,milton/tiles/fp2/masks/tile_00022.tif
2025_Tile_Data/Only_PNG_Data/fp5/UAVSAR/tile_48_33.tif,2025_Tile_Data/Only_PNG_Data/fp5/flood_mask/tile_48_33.tif
milton/tiles/fp5/uavsar/tile_00026.tif,milton/tiles/fp5/masks/tile_00026.tif
milton/tiles/fp3/uavsar/tile_00024.tif,milton/tiles/fp3/masks/tile_00024.tif
2025_Tile_Data/Only_PNG_Data/fp3/UAVSAR/tile_31_33.tif,2025_Tile_Data/Only_PNG_Data/fp3/flood_mask/tile_31_33.tif
milton/tiles/fp2/uavsar/tile_00068.tif,milton/tiles/fp2/masks/tile_00068.tif
milton/tiles/fp1/uavsar/tile_00159.tif,milton/tiles/fp1/masks/tile_00159.tif
milton/tiles/fp1/uavsar/tile_00170.tif,milton/tiles/fp1/masks/tile_00170.tif
2025_Tile_Data/Only_PNG_Data/fp5/UAVSAR/tile_38_20.tif,2025_Tile_Data/Only_PNG_Data/fp5/flood_mask/tile_38_20.tif
milton/tiles/fp6/uavsar/tile_00006.tif,milton/tiles/fp6/masks/tile_00006.tif
2025_Tile_Data/Only_PNG_Data/fp5/UAVSAR/tile_34_19.tif,2025_Tile_Data/Only_PNG_Data/fp5/flood_mask/tile_34_19.tif
2025_Tile_Data/Only_PNG_Data/fp4/UAVSAR/tile_39_31.tif,2025_Tile_Data/Only_PNG_Data/fp4/flood_mask/tile_39_31.tif
milton/tiles/fp5/uavsar/tile_00091.tif,milton/tiles/fp5/masks/tile_00091.tif
2025_Tile_Data/Only_PNG_Data/fp4/UAVSAR/tile_30_20.tif,2025_Tile_Data/Only_PNG_Data/fp4/flood_mask/tile_30_20.tif
2025_Tile_Data/Only_PNG_Data/fp7/UAVSAR/tile_12_57.tif,2025_Tile_Data/Only_PNG_Data/fp7/flood_mask/tile_12_57.tif
milton/tiles/fp3/uavsar/tile_00121.tif,milton/tiles/fp3/masks/tile_00121.tif
milton/tiles/fp5/uavsar/tile_00050.tif,milton/tiles/fp5/masks/tile_00050.tif
2025_Tile_Data/Only_PNG_Data/fp4/UAVSAR/tile_45_33.tif,2025_Tile_Data/Only_PNG_Data/fp4/flood_mask/tile_45_33.tif
2025_Tile_Data/Only_PNG_Data/fp2/UAVSAR/tile_24_46.tif,2025_Tile_Data/Only_PNG_Data/fp2/flood_mask/tile_24_46.tif
2025_Tile_Data/Only_PNG_Data/fp7/UAVSAR/tile_25_67.tif,2025_Tile_Data/Only_PNG_Data/fp7/flood_mask/tile_25_67.tif
2025_Tile_Data/Only_PNG_Data/fp6/UAVSAR/tile_46_42.tif,2025_Tile_Data/Only_PNG_Data/fp6/flood_mask/tile_46_42.tif
2025_Tile_Data/Only_PNG_Data/fp6/UAVSAR/tile_36_35.tif,2025_Tile_Data/Only_PNG_Data/fp6/flood_mask/tile_36_35.tif
milton/tiles/fp5/uavsar/tile_00058.tif,milton/tiles/fp5/masks/tile_00058.tif
2025_Tile_Data/Only_PNG_Data/fp4/UAVSAR/tile_40_31.tif,2025_Tile_Data/Only_PNG_Data/fp4/flood_mask/tile_40_31.tif
milton/tiles/fp4/uavsar/tile_00023.tif,milton/tiles/fp4/masks/tile_00023.tif
milton/tiles/fp3/uavsar/tile_00118.tif,milton/tiles/fp3/masks/tile_00118.tif
2025_Tile_Data/Only_PNG_Data/fp2/UAVSAR/tile_41_44.tif,2025_Tile_Data/Only_PNG_Data/fp2/flood_mask/tile_41_44.tif
2025_Tile_Data/Only_PNG_Data/fp4/UAVSAR/tile_30_17.tif,2025_Tile_Data/Only_PNG_Data/fp4/flood_mask/tile_30_17.tif
2025_Tile_Data/Only_PNG_Data/fp4/UAVSAR/tile_31_22.tif,2025_Tile_Data/Only_PNG_Data/fp4/flood_mask/tile_31_22.tif
2025_Tile_Data/Only_PNG_Data/fp6/UAVSAR/tile_41_32.tif,2025_Tile_Data/Only_PNG_Data/fp6/flood_mask/tile_41_32.tif
milton/tiles/fp2/uavsar/tile_00071.tif,milton/tiles/fp2/masks/tile_00071.tif
milton/tiles/fp5/uavsar/tile_00008.tif,milton/tiles/fp5/masks/tile_00008.tif
2025_Tile_Data/Only_PNG_Data/fp6/UAVSAR/tile_36_30.tif,2025_Tile_Data/Only_PNG_Data/fp6/flood_mask/tile_36_30.tif
2025_Tile_Data/Only_PNG_Data/fp6/UAVSAR/tile_46_41.tif,2025_Tile_Data/Only_PNG_Data/fp6/flood_mask/tile_46_41.tif
milton/tiles/fp1/uavsar/tile_00037.tif,milton/tiles/fp1/masks/tile_00037.tif
milton/tiles/fp1/uavsar/tile_00018.tif,milton/tiles/fp1/masks/tile_00018.tif
2025_Tile_Data/Only_PNG_Data/fp5/UAVSAR/tile_43_29.tif,2025_Tile_Data/Only_PNG_Data/fp5/flood_mask/tile_43_29.tif
2025_Tile_Data/Only_PNG_Data/fp3/UAVSAR/tile_30_31.tif,2025_Tile_Data/Only_PNG_Data/fp3/flood_mask/tile_30_31.tif
2025_Tile_Data/Only_PNG_Data/fp3/UAVSAR/tile_44_41.tif,2025_Tile_Data/Only_PNG_Data/fp3/flood_mask/tile_44_41.tif
2025_Tile_Data/Only_PNG_Data/fp4/UAVSAR/tile_44_29.tif,2025_Tile_Data/Only_PNG_Data/fp4/flood_mask/tile_44_29.tif
2025_Tile_Data/Only_PNG_Data/fp6/UAVSAR/tile_28_25.tif,2025_Tile_Data/Only_PNG_Data/fp6/flood_mask/tile_28_25.tif
2025_Tile_Data/Only_PNG_Data/fp5/UAVSAR/tile_35_17.tif,2025_Tile_Data/Only_PNG_Data/fp5/flood_mask/tile_35_17.tif
milton/tiles/fp4/uavsar/tile_00006.tif,milton/tiles/fp4/masks/tile_00006.tif
2025_Tile_Data/Only_PNG_Data/fp3/UAVSAR/tile_29_31.tif,2025_Tile_Data/Only_PNG_Data/fp3/flood_mask/tile_29_31.tif
milton/tiles/fp7/uavsar/tile_00018.tif,milton/tiles/fp7/masks/tile_00018.tif
milton/tiles/fp2/uavsar/tile_00092.tif,milton/tiles/fp2/masks/tile_00092.tif
milton/tiles/fp6/uavsar/tile_00032.tif,milton/tiles/fp6/masks/tile_00032.tif
milton/tiles/fp3/uavsar/tile_00099.tif,milton/tiles/fp3/masks/tile_00099.tif
2025_Tile_Data/Only_PNG_Data/fp2/UAVSAR/tile_20_46.tif,2025_Tile_Data/Only_PNG_Data/fp2/flood_mask/tile_20_46.tif
milton/tiles/fp6/uavsar/tile_00029.tif,milton/tiles/fp6/masks/tile_00029.tif
milton/tiles/fp2/uavsar/tile_00034.tif,milton/tiles/fp2/masks/tile_00034.tif
2025_Tile_Data/Only_PNG_Data/fp6/UAVSAR/tile_31_26.tif,2025_Tile_Data/Only_PNG_Data/fp6/flood_mask/tile_31_26.tif
milton/tiles/fp1/uavsar/tile_00093.tif,milton/tiles/fp1/masks/tile_00093.tif
milton/tiles/fp7/uavsar/tile_00001.tif,milton/tiles/fp7/masks/tile_00001.tif
milton/tiles/fp1/uavsar/tile_00085.tif,milton/tiles/fp1/masks/tile_00085.tif
2025_Tile_Data/Only_PNG_Data/fp3/UAVSAR/tile_41_38.tif,2025_Tile_Data/Only_PNG_Data/fp3/flood_mask/tile_41_38.tif
2025_Tile_Data/Only_PNG_Data/fp5/UAVSAR/tile_45_34.tif,2025_Tile_Data/Only_PNG_Data/fp5/flood_mask/tile_45_34.tif
milton/tiles/fp1/uavsar/tile_00013.tif,milton/tiles/fp1/masks/tile_00013.tif
2025_Tile_Data/Only_PNG_Data/fp4/UAVSAR/tile_42_36.tif,2025_Tile_Data/Only_PNG_Data/fp4/flood_mask/tile_42_36.tif
milton/tiles/fp6/uavsar/tile_00007.tif,milton/tiles/fp6/masks/tile_00007.tif
2025_Tile_Data/Only_PNG_Data/fp5/UAVSAR/tile_45_28.tif,2025_Tile_Data/Only_PNG_Data/fp5/flood_mask/tile_45_28.tif
milton/tiles/fp3/uavsar/tile_00021.tif,milton/tiles/fp3/masks/tile_00021.tif
milton/tiles/fp2/uavsar/tile_00027.tif,milton/tiles/fp2/masks/tile_00027.tif
milton/tiles/fp6/uavsar/tile_00094.tif,milton/tiles/fp6/masks/tile_00094.tif
milton/tiles/fp6/uavsar/tile_00102.tif,milton/tiles/fp6/masks/tile_00102.tif
2025_Tile_Data/Only_PNG_Data/fp5/UAVSAR/tile_32_19.tif,2025_Tile_Data/Only_PNG_Data/fp5/flood_mask/tile_32_19.tif
2025_Tile_Data/Only_PNG_Data/fp3/UAVSAR/tile_43_44.tif,2025_Tile_Data/Only_PNG_Data/fp3/flood_mask/tile_43_44.tif
2025_Tile_Data/Only_PNG_Data/fp4/UAVSAR/tile_39_30.tif,2025_Tile_Data/Only_PNG_Data/fp4/flood_mask/tile_39_30.tif
milton/tiles/fp1/uavsar/tile_00111.tif,milton/tiles/fp1/masks/tile_00111.tif
milton/tiles/fp4/uavsar/tile_00020.tif,milton/tiles/fp4/masks/tile_00020.tif
2025_Tile_Data/Only_PNG_Data/fp6/UAVSAR/tile_40_38.tif,2025_Tile_Data/Only_PNG_Data/fp6/flood_mask/tile_40_38.tif
2025_Tile_Data/Only_PNG_Data/fp4/UAVSAR/tile_47_34.tif,2025_Tile_Data/Only_PNG_Data/fp4/flood_mask/tile_47_34.tif
milton/tiles/fp5/uavsar/tile_00083.tif,milton/tiles/fp5/masks/tile_00083.tif
milton/tiles/fp1/uavsar/tile_00146.tif,milton/tiles/fp1/masks/tile_00146.tif
2025_Tile_Data/Only_PNG_Data/fp6/UAVSAR/tile_40_32.tif,2025_Tile_Data/Only_PNG_Data/fp6/flood_mask/tile_40_32.tif
milton/tiles/fp1/uavsar/tile_00149.tif,milton/tiles/fp1/masks/tile_00149.tif
2025_Tile_Data/Only_PNG_Data/fp5/UAVSAR/tile_44_32.tif,2025_Tile_Data/Only_PNG_Data/fp5/flood_mask/tile_44_32.tif
2025_Tile_Data/Only_PNG_Data/fp4/UAVSAR/tile_28_19.tif,2025_Tile_Data/Only_PNG_Data/fp4/flood_mask/tile_28_19.tif
2025_Tile_Data/Only_PNG_Data/fp3/UAVSAR/tile_28_26.tif,2025_Tile_Data/Only_PNG_Data/fp3/flood_mask/tile_28_26.tif
milton/tiles/fp1/uavsar/tile_00035.tif,milton/tiles/fp1/masks/tile_00035.tif
milton/tiles/fp3/uavsar/tile_00023.tif,milton/tiles/fp3/masks/tile_00023.tif
milton/tiles/fp5/uavsar/tile_00039.tif,milton/tiles/fp5/masks/tile_00039.tif
2025_Tile_Data/Only_PNG_Data/fp3/UAVSAR/tile_42_46.tif,2025_Tile_Data/Only_PNG_Data/fp3/flood_mask/tile_42_46.tif
milton/tiles/fp1/uavsar/tile_00056.tif,milton/tiles/fp1/masks/tile_00056.tif
milton/tiles/fp1/uavsar/tile_00047.tif,milton/tiles/fp1/masks/tile_00047.tif
2025_Tile_Data/Only_PNG_Data/fp3/UAVSAR/tile_38_34.tif,2025_Tile_Data/Only_PNG_Data/fp3/flood_mask/tile_38_34.tif
milton/tiles/fp3/uavsar/tile_00053.tif,milton/tiles/fp3/masks/tile_00053.tif
milton/tiles/fp4/uavsar/tile_00003.tif,milton/tiles/fp4/masks/tile_00003.tif
2025_Tile_Data/Only_PNG_Data/fp7/UAVSAR/tile_26_64.tif,2025_Tile_Data/Only_PNG_Data/fp7/flood_mask/tile_26_64.tif
2025_Tile_Data/Only_PNG_Data/fp3/UAVSAR/tile_33_32.tif,2025_Tile_Data/Only_PNG_Data/fp3/flood_mask/tile_33_32.tif
milton/tiles/fp1/uavsar/tile_00079.tif,milton/tiles/fp1/masks/tile_00079.tif
milton/tiles/fp1/uavsar/tile_00165.tif,milton/tiles/fp1/masks/tile_00165.tif
2025_Tile_Data/Only_PNG_Data/fp6/UAVSAR/tile_42_36.tif,2025_Tile_Data/Only_PNG_Data/fp6/flood_mask/tile_42_36.tif
2025_Tile_Data/Only_PNG_Data/fp6/UAVSAR/tile_42_34.tif,2025_Tile_Data/Only_PNG_Data/fp6/flood_mask/tile_42_34.tif
2025_Tile_Data/Only_PNG_Data/fp3/UAVSAR/tile_39_36.tif,2025_Tile_Data/Only_PNG_Data/fp3/flood_mask/tile_39_36.tif
2025_Tile_Data/Only_PNG_Data/fp6/UAVSAR/tile_33_28.tif,2025_Tile_Data/Only_PNG_Data/fp6/flood_mask/tile_33_28.tif
2025_Tile_Data/Only_PNG_Data/fp2/UAVSAR/tile_32_48.tif,2025_Tile_Data/Only_PNG_Data/fp2/flood_mask/tile_32_48.tif
milton/tiles/fp1/uavsar/tile_00063.tif,milton/tiles/fp1/masks/tile_00063.tif
2025_Tile_Data/Only_PNG_Data/fp7/UAVSAR/tile_35_76.tif,2025_Tile_Data/Only_PNG_Data/fp7/flood_mask/tile_35_76.tif
milton/tiles/fp4/uavsar/tile_00042.tif,milton/tiles/fp4/masks/tile_00042.tif
2025_Tile_Data/Only_PNG_Data/fp6/UAVSAR/tile_36_31.tif,2025_Tile_Data/Only_PNG_Data/fp6/flood_mask/tile_36_31.tif
2025_Tile_Data/Only_PNG_Data/fp3/UAVSAR/tile_45_44.tif,2025_Tile_Data/Only_PNG_Data/fp3/flood_mask/tile_45_44.tif
2025_Tile_Data/Only_PNG_Data/fp3/UAVSAR/tile_38_41.tif,2025_Tile_Data/Only_PNG_Data/fp3/flood_mask/tile_38_41.tif
2025_Tile_Data/Only_PNG_Data/fp2/UAVSAR/tile_23_46.tif,2025_Tile_Data/Only_PNG_Data/fp2/flood_mask/tile_23_46.tif
2025_Tile_Data/Only_PNG_Data/fp3/UAVSAR/tile_45_47.tif,2025_Tile_Data/Only_PNG_Data/fp3/flood_mask/tile_45_47.tif
milton/tiles/fp2/uavsar/tile_00048.tif,milton/tiles/fp2/masks/tile_00048.tif
2025_Tile_Data/Only_PNG_Data/fp5/UAVSAR/tile_44_31.tif,2025_Tile_Data/Only_PNG_Data/fp5/flood_mask/tile_44_31.tif
2025_Tile_Data/Only_PNG_Data/fp6/UAVSAR/tile_33_32.tif,2025_Tile_Data/Only_PNG_Data/fp6/flood_mask/tile_33_32.tif
milton/tiles/fp2/uavsar/tile_00035.tif,milton/tiles/fp2/masks/tile_00035.tif
milton/tiles/fp5/uavsar/tile_00021.tif,milton/tiles/fp5/masks/tile_00021.tif
2025_Tile_Data/Only_PNG_Data/fp2/UAVSAR/tile_16_44.tif,2025_Tile_Data/Only_PNG_Data/fp2/flood_mask/tile_16_44.tif
milton/tiles/fp6/uavsar/tile_00143.tif,milton/tiles/fp6/masks/tile_00143.tif
2025_Tile_Data/Only_PNG_Data/fp2/UAVSAR/tile_33_47.tif,2025_Tile_Data/Only_PNG_Data/fp2/flood_mask/tile_33_47.tif
2025_Tile_Data/Only_PNG_Data/fp5/UAVSAR/tile_39_23.tif,2025_Tile_Data/Only_PNG_Data/fp5/flood_mask/tile_39_23.tif
2025_Tile_Data/Only_PNG_Data/fp3/UAVSAR/tile_29_28.tif,2025_Tile_Data/Only_PNG_Data/fp3/flood_mask/tile_29_28.tif
milton/tiles/fp3/uavsar/tile_00111.tif,milton/tiles/fp3/masks/tile_00111.tif
2025_Tile_Data/Only_PNG_Data/fp3/UAVSAR/tile_27_24.tif,2025_Tile_Data/Only_PNG_Data/fp3/flood_mask/tile_27_24.tif
2025_Tile_Data/Only_PNG_Data/fp2/UAVSAR/tile_35_46.tif,2025_Tile_Data/Only_PNG_Data/fp2/flood_mask/tile_35_46.tif
milton/tiles/fp4/uavsar/tile_00001.tif,milton/tiles/fp4/masks/tile_00001.tif
milton/tiles/fp5/uavsar/tile_00031.tif,milton/tiles/fp5/masks/tile_00031.tif
2025_Tile_Data/Only_PNG_Data/fp3/UAVSAR/tile_35_38.tif,2025_Tile_Data/Only_PNG_Data/fp3/flood_mask/tile_35_38.tif
2025_Tile_Data/Only_PNG_Data/fp5/UAVSAR/tile_49_32.tif,2025_Tile_Data/Only_PNG_Data/fp5/flood_mask/tile_49_32.tif
milton/tiles/fp3/uavsar/tile_00060.tif,milton/tiles/fp3/masks/tile_00060.tif
2025_Tile_Data/Only_PNG_Data/fp2/UAVSAR/tile_39_48.tif,2025_Tile_Data/Only_PNG_Data/fp2/flood_mask/tile_39_48.tif
2025_Tile_Data/Only_PNG_Data/fp6/UAVSAR/tile_40_36.tif,2025_Tile_Data/Only_PNG_Data/fp6/flood_mask/tile_40_36.tif
milton/tiles/fp5/uavsar/tile_00068.tif,milton/tiles/fp5/masks/tile_00068.tif
milton/tiles/fp7/uavsar/tile_00022.tif,milton/tiles/fp7/masks/tile_00022.tif
milton/tiles/fp3/uavsar/tile_00100.tif,milton/tiles/fp3/masks/tile_00100.tif
2025_Tile_Data/Only_PNG_Data/fp5/UAVSAR/tile_41_26.tif,2025_Tile_Data/Only_PNG_Data/fp5/flood_mask/tile_41_26.tif
milton/tiles/fp2/uavsar/tile_00014.tif,milton/tiles/fp2/masks/tile_00014.tif
2025_Tile_Data/Only_PNG_Data/fp4/UAVSAR/tile_42_33.tif,2025_Tile_Data/Only_PNG_Data/fp4/flood_mask/tile_42_33.tif
2025_Tile_Data/Only_PNG_Data/fp5/UAVSAR/tile_43_32.tif,2025_Tile_Data/Only_PNG_Data/fp5/flood_mask/tile_43_32.tif
2025_Tile_Data/Only_PNG_Data/fp4/UAVSAR/tile_27_16.tif,2025_Tile_Data/Only_PNG_Data/fp4/flood_mask/tile_27_16.tif
2025_Tile_Data/Only_PNG_Data/fp4/UAVSAR/tile_44_30.tif,2025_Tile_Data/Only_PNG_Data/fp4/flood_mask/tile_44_30.tif
milton/tiles/fp3/uavsar/tile_00088.tif,milton/tiles/fp3/masks/tile_00088.tif
milton/tiles/fp2/uavsar/tile_00097.tif,milton/tiles/fp2/masks/tile_00097.tif
2025_Tile_Data/Only_PNG_Data/fp5/UAVSAR/tile_35_21.tif,2025_Tile_Data/Only_PNG_Data/fp5/flood_mask/tile_35_21.tif
2025_Tile_Data/Only_PNG_Data/fp3/UAVSAR/tile_38_35.tif,2025_Tile_Data/Only_PNG_Data/fp3/flood_mask/tile_38_35.tif
milton/tiles/fp2/uavsar/tile_00081.tif,milton/tiles/fp2/masks/tile_00081.tif
2025_Tile_Data/Only_PNG_Data/fp7/UAVSAR/tile_33_73.tif,2025_Tile_Data/Only_PNG_Data/fp7/flood_mask/tile_33_73.tif
2025_Tile_Data/Only_PNG_Data/fp5/UAVSAR/tile_46_29.tif,2025_Tile_Data/Only_PNG_Data/fp5/flood_mask/tile_46_29.tif
2025_Tile_Data/Only_PNG_Data/fp4/UAVSAR/tile_41_28.tif,2025_Tile_Data/Only_PNG_Data/fp4/flood_mask/tile_41_28.tif
2025_Tile_Data/Only_PNG_Data/fp6/UAVSAR/tile_43_37.tif,2025_Tile_Data/Only_PNG_Data/fp6/flood_mask/tile_43_37.tif
milton/tiles/fp2/uavsar/tile_00119.tif,milton/tiles/fp2/masks/tile_00119.tif
2025_Tile_Data/Only_PNG_Data/fp2/UAVSAR/tile_43_48.tif,2025_Tile_Data/Only_PNG_Data/fp2/flood_mask/tile_43_48.tif
2025_Tile_Data/Only_PNG_Data/fp3/UAVSAR/tile_40_45.tif,2025_Tile_Data/Only_PNG_Data/fp3/flood_mask/tile_40_45.tif
milton/tiles/fp5/uavsar/tile_00078.tif,milton/tiles/fp5/masks/tile_00078.tif
2025_Tile_Data/Only_PNG_Data/fp4/UAVSAR/tile_28_16.tif,2025_Tile_Data/Only_PNG_Data/fp4/flood_mask/tile_28_16.tif
2025_Tile_Data/Only_PNG_Data/fp5/UAVSAR/tile_40_27.tif,2025_Tile_Data/Only_PNG_Data/fp5/flood_mask/tile_40_27.tif
2025_Tile_Data/Only_PNG_Data/fp3/UAVSAR/tile_26_23.tif,2025_Tile_Data/Only_PNG_Data/fp3/flood_mask/tile_26_23.tif
2025_Tile_Data/Only_PNG_Data/fp3/UAVSAR/tile_26_26.tif,2025_Tile_Data/Only_PNG_Data/fp3/flood_mask/tile_26_26.tif
milton/tiles/fp7/uavsar/tile_00016.tif,milton/tiles/fp7/masks/tile_00016.tif
milton/tiles/fp3/uavsar/tile_00049.tif,milton/tiles/fp3/masks/tile_00049.tif
milton/tiles/fp6/uavsar/tile_00083.tif,milton/tiles/fp6/masks/tile_00083.tif
2025_Tile_Data/Only_PNG_Data/fp5/UAVSAR/tile_42_27.tif,2025_Tile_Data/Only_PNG_Data/fp5/flood_mask/tile_42_27.tif
2025_Tile_Data/Only_PNG_Data/fp2/UAVSAR/tile_33_46.tif,2025_Tile_Data/Only_PNG_Data/fp2/flood_mask/tile_33_46.tif
2025_Tile_Data/Only_PNG_Data/fp5/UAVSAR/tile_31_17.tif,2025_Tile_Data/Only_PNG_Data/fp5/flood_mask/tile_31_17.tif
2025_Tile_Data/Only_PNG_Data/fp4/UAVSAR/tile_39_28.tif,2025_Tile_Data/Only_PNG_Data/fp4/flood_mask/tile_39_28.tif
2025_Tile_Data/Only_PNG_Data/fp2/UAVSAR/tile_31_46.tif,2025_Tile_Data/Only_PNG_Data/fp2/flood_mask/tile_31_46.tif
milton/tiles/fp3/uavsar/tile_00120.tif,milton/tiles/fp3/masks/tile_00120.tif
milton/tiles/fp3/uavsar/tile_00067.tif,milton/tiles/fp3/masks/tile_00067.tif
milton/tiles/fp1/uavsar/tile_00101.tif,milton/tiles/fp1/masks/tile_00101.tif
2025_Tile_Data/Only_PNG_Data/fp2/UAVSAR/tile_28_44.tif,2025_Tile_Data/Only_PNG_Data/fp2/flood_mask/tile_28_44.tif
2025_Tile_Data/Only_PNG_Data/fp3/UAVSAR/tile_31_27.tif,2025_Tile_Data/Only_PNG_Data/fp3/flood_mask/tile_31_27.tif
2025_Tile_Data/Only_PNG_Data/fp7/UAVSAR/tile_34_72.tif,2025_Tile_Data/Only_PNG_Data/fp7/flood_mask/tile_34_72.tif
milton/tiles/fp1/uavsar/tile_00148.tif,milton/tiles/fp1/masks/tile_00148.tif
milton/tiles/fp5/uavsar/tile_00092.tif,milton/tiles/fp5/masks/tile_00092.tif
milton/tiles/fp4/uavsar/tile_00034.tif,milton/tiles/fp4/masks/tile_00034.tif
2025_Tile_Data/Only_PNG_Data/fp3/UAVSAR/tile_44_48.tif,2025_Tile_Data/Only_PNG_Data/fp3/flood_mask/tile_44_48.tif
milton/tiles/fp2/uavsar/tile_00064.tif,milton/tiles/fp2/masks/tile_00064.tif
milton/tiles/fp1/uavsar/tile_00045.tif,milton/tiles/fp1/masks/tile_00045.tif
2025_Tile_Data/Only_PNG_Data/fp2/UAVSAR/tile_40_48.tif,2025_Tile_Data/Only_PNG_Data/fp2/flood_mask/tile_40_48.tif
2025_Tile_Data/Only_PNG_Data/fp7/UAVSAR/tile_29_70.tif,2025_Tile_Data/Only_PNG_Data/fp7/flood_mask/tile_29_70.tif
2025_Tile_Data/Only_PNG_Data/fp6/UAVSAR/tile_42_33.tif,2025_Tile_Data/Only_PNG_Data/fp6/flood_mask/tile_42_33.tif
2025_Tile_Data/Only_PNG_Data/fp6/UAVSAR/tile_27_19.tif,2025_Tile_Data/Only_PNG_Data/fp6/flood_mask/tile_27_19.tif
milton/tiles/fp1/uavsar/tile_00164.tif,milton/tiles/fp1/masks/tile_00164.tif
milton/tiles/fp6/uavsar/tile_00113.tif,milton/tiles/fp6/masks/tile_00113.tif
2025_Tile_Data/Only_PNG_Data/fp3/UAVSAR/tile_46_42.tif,2025_Tile_Data/Only_PNG_Data/fp3/flood_mask/tile_46_42.tif
2025_Tile_Data/Only_PNG_Data/fp7/UAVSAR/tile_26_67.tif,2025_Tile_Data/Only_PNG_Data/fp7/flood_mask/tile_26_67.tif
milton/tiles/fp1/uavsar/tile_00133.tif,milton/tiles/fp1/masks/tile_00133.tif
2025_Tile_Data/Only_PNG_Data/fp2/UAVSAR/tile_26_46.tif,2025_Tile_Data/Only_PNG_Data/fp2/flood_mask/tile_26_46.tif
2025_Tile_Data/Only_PNG_Data/fp3/UAVSAR/tile_43_46.tif,2025_Tile_Data/Only_PNG_Data/fp3/flood_mask/tile_43_46.tif
2025_Tile_Data/Only_PNG_Data/fp2/UAVSAR/tile_45_46.tif,2025_Tile_Data/Only_PNG_Data/fp2/flood_mask/tile_45_46.tif
milton/tiles/fp2/uavsar/tile_00138.tif,milton/tiles/fp2/masks/tile_00138.tif
milton/tiles/fp5/uavsar/tile_00019.tif,milton/tiles/fp5/masks/tile_00019.tif
milton/tiles/fp6/uavsar/tile_00084.tif,milton/tiles/fp6/masks/tile_00084.tif
2025_Tile_Data/Only_PNG_Data/fp4/UAVSAR/tile_27_21.tif,2025_Tile_Data/Only_PNG_Data/fp4/flood_mask/tile_27_21.tif
2025_Tile_Data/Only_PNG_Data/fp3/UAVSAR/tile_30_29.tif,2025_Tile_Data/Only_PNG_Data/fp3/flood_mask/tile_30_29.tif
2025_Tile_Data/Only_PNG_Data/fp4/UAVSAR/tile_34_27.tif,2025_Tile_Data/Only_PNG_Data/fp4/flood_mask/tile_34_27.tif
2025_Tile_Data/Only_PNG_Data/fp3/UAVSAR/tile_38_36.tif,2025_Tile_Data/Only_PNG_Data/fp3/flood_mask/tile_38_36.tif
milton/tiles/fp3/uavsar/tile_00083.tif,milton/tiles/fp3/masks/tile_00083.tif
milton/tiles/fp5/uavsar/tile_00022.tif,milton/tiles/fp5/masks/tile_00022.tif
milton/tiles/fp1/uavsar/tile_00127.tif,milton/tiles/fp1/masks/tile_00127.tif
2025_Tile_Data/Only_PNG_Data/fp3/UAVSAR/tile_44_46.tif,2025_Tile_Data/Only_PNG_Data/fp3/flood_mask/tile_44_46.tif
milton/tiles/fp1/uavsar/tile_00151.tif,milton/tiles/fp1/masks/tile_00151.tif
2025_Tile_Data/Only_PNG_Data/fp5/UAVSAR/tile_35_23.tif,2025_Tile_Data/Only_PNG_Data/fp5/flood_mask/tile_35_23.tif
milton/tiles/fp6/uavsar/tile_00126.tif,milton/tiles/fp6/masks/tile_00126.tif
2025_Tile_Data/Only_PNG_Data/fp5/UAVSAR/tile_44_26.tif,2025_Tile_Data/Only_PNG_Data/fp5/flood_mask/tile_44_26.tif
milton/tiles/fp6/uavsar/tile_00063.tif,milton/tiles/fp6/masks/tile_00063.tif
milton/tiles/fp2/uavsar/tile_00091.tif,milton/tiles/fp2/masks/tile_00091.tif
milton/tiles/fp1/uavsar/tile_00020.tif,milton/tiles/fp1/masks/tile_00020.tif
milton/tiles/fp3/uavsar/tile_00022.tif,milton/tiles/fp3/masks/tile_00022.tif
milton/tiles/fp2/uavsar/tile_00136.tif,milton/tiles/fp2/masks/tile_00136.tif
2025_Tile_Data/Only_PNG_Data/fp3/UAVSAR/tile_32_31.tif,2025_Tile_Data/Only_PNG_Data/fp3/flood_mask/tile_32_31.tif
milton/tiles/fp3/uavsar/tile_00041.tif,milton/tiles/fp3/masks/tile_00041.tif
2025_Tile_Data/Only_PNG_Data/fp6/UAVSAR/tile_34_25.tif,2025_Tile_Data/Only_PNG_Data/fp6/flood_mask/tile_34_25.tif
2025_Tile_Data/Only_PNG_Data/fp6/UAVSAR/tile_43_35.tif,2025_Tile_Data/Only_PNG_Data/fp6/flood_mask/tile_43_35.tif
milton/tiles/fp6/uavsar/tile_00088.tif,milton/tiles/fp6/masks/tile_00088.tif
2025_Tile_Data/Only_PNG_Data/fp6/UAVSAR/tile_40_39.tif,2025_Tile_Data/Only_PNG_Data/fp6/flood_mask/tile_40_39.tif
2025_Tile_Data/Only_PNG_Data/fp2/UAVSAR/tile_43_49.tif,2025_Tile_Data/Only_PNG_Data/fp2/flood_mask/tile_43_49.tif
milton/tiles/fp3/uavsar/tile_00069.tif,milton/tiles/fp3/masks/tile_00069.tif
2025_Tile_Data/Only_PNG_Data/fp3/UAVSAR/tile_32_32.tif,2025_Tile_Data/Only_PNG_Data/fp3/flood_mask/tile_32_32.tif
2025_Tile_Data/Only_PNG_Data/fp6/UAVSAR/tile_38_33.tif,2025_Tile_Data/Only_PNG_Data/fp6/flood_mask/tile_38_33.tif
milton/tiles/fp1/uavsar/tile_00059.tif,milton/tiles/fp1/masks/tile_00059.tif
milton/tiles/fp2/uavsar/tile_00100.tif,milton/tiles/fp2/masks/tile_00100.tif
milton/tiles/fp5/uavsar/tile_00082.tif,milton/tiles/fp5/masks/tile_00082.tif
2025_Tile_Data/Only_PNG_Data/fp7/UAVSAR/tile_27_68.tif,2025_Tile_Data/Only_PNG_Data/fp7/flood_mask/tile_27_68.tif
milton/tiles/fp4/uavsar/tile_00007.tif,milton/tiles/fp4/masks/tile_00007.tif
2025_Tile_Data/Only_PNG_Data/fp4/UAVSAR/tile_45_32.tif,2025_Tile_Data/Only_PNG_Data/fp4/flood_mask/tile_45_32.tif
milton/tiles/fp2/uavsar/tile_00118.tif,milton/tiles/fp2/masks/tile_00118.tif
milton/tiles/fp2/uavsar/tile_00026.tif,milton/tiles/fp2/masks/tile_00026.tif
milton/tiles/fp1/uavsar/tile_00138.tif,milton/tiles/fp1/masks/tile_00138.tif
milton/tiles/fp7/uavsar/tile_00035.tif,milton/tiles/fp7/masks/tile_00035.tif
2025_Tile_Data/Only_PNG_Data/fp6/UAVSAR/tile_41_34.tif,2025_Tile_Data/Only_PNG_Data/fp6/flood_mask/tile_41_34.tif
milton/tiles/fp6/uavsar/tile_00082.tif,milton/tiles/fp6/masks/tile_00082.tif
2025_Tile_Data/Only_PNG_Data/fp4/UAVSAR/tile_32_25.tif,2025_Tile_Data/Only_PNG_Data/fp4/flood_mask/tile_32_25.tif
milton/tiles/fp3/uavsar/tile_00115.tif,milton/tiles/fp3/masks/tile_00115.tif
milton/tiles/fp5/uavsar/tile_00045.tif,milton/tiles/fp5/masks/tile_00045.tif
milton/tiles/fp3/uavsar/tile_00004.tif,milton/tiles/fp3/masks/tile_00004.tif
2025_Tile_Data/Only_PNG_Data/fp4/UAVSAR/tile_35_27.tif,2025_Tile_Data/Only_PNG_Data/fp4/flood_mask/tile_35_27.tif
2025_Tile_Data/Only_PNG_Data/fp5/UAVSAR/tile_43_25.tif,2025_Tile_Data/Only_PNG_Data/fp5/flood_mask/tile_43_25.tif
2025_Tile_Data/Only_PNG_Data/fp6/UAVSAR/tile_30_22.tif,2025_Tile_Data/Only_PNG_Data/fp6/flood_mask/tile_30_22.tif
milton/tiles/fp6/uavsar/tile_00011.tif,milton/tiles/fp6/masks/tile_00011.tif
milton/tiles/fp1/uavsar/tile_00005.tif,milton/tiles/fp1/masks/tile_00005.tif
2025_Tile_Data/Only_PNG_Data/fp6/UAVSAR/tile_34_27.tif,2025_Tile_Data/Only_PNG_Data/fp6/flood_mask/tile_34_27.tif
2025_Tile_Data/Only_PNG_Data/fp4/UAVSAR/tile_39_32.tif,2025_Tile_Data/Only_PNG_Data/fp4/flood_mask/tile_39_32.tif
2025_Tile_Data/Only_PNG_Data/fp3/UAVSAR/tile_37_37.tif,2025_Tile_Data/Only_PNG_Data/fp3/flood_mask/tile_37_37.tif
milton/tiles/fp2/uavsar/tile_00044.tif,milton/tiles/fp2/masks/tile_00044.tif
2025_Tile_Data/Only_PNG_Data/fp2/UAVSAR/tile_38_46.tif,2025_Tile_Data/Only_PNG_Data/fp2/flood_mask/tile_38_46.tif
2025_Tile_Data/Only_PNG_Data/fp2/UAVSAR/tile_19_46.tif,2025_Tile_Data/Only_PNG_Data/fp2/flood_mask/tile_19_46.tif
2025_Tile_Data/Only_PNG_Data/fp6/UAVSAR/tile_47_40.tif,2025_Tile_Data/Only_PNG_Data/fp6/flood_mask/tile_47_40.tif
2025_Tile_Data/Only_PNG_Data/fp4/UAVSAR/tile_44_35.tif,2025_Tile_Data/Only_PNG_Data/fp4/flood_mask/tile_44_35.tif
2025_Tile_Data/Only_PNG_Data/fp5/UAVSAR/tile_31_16.tif,2025_Tile_Data/Only_PNG_Data/fp5/flood_mask/tile_31_16.tif
2025_Tile_Data/Only_PNG_Data/fp6/UAVSAR/tile_37_29.tif,2025_Tile_Data/Only_PNG_Data/fp6/flood_mask/tile_37_29.tif
2025_Tile_Data/Only_PNG_Data/fp6/UAVSAR/tile_28_19.tif,2025_Tile_Data/Only_PNG_Data/fp6/flood_mask/tile_28_19.tif
milton/tiles/fp5/uavsar/tile_00037.tif,milton/tiles/fp5/masks/tile_00037.tif
milton/tiles/fp1/uavsar/tile_00071.tif,milton/tiles/fp1/masks/tile_00071.tif
2025_Tile_Data/Only_PNG_Data/fp3/UAVSAR/tile_40_36.tif,2025_Tile_Data/Only_PNG_Data/fp3/flood_mask/tile_40_36.tif
milton/tiles/fp1/uavsar/tile_00119.tif,milton/tiles/fp1/masks/tile_00119.tif
2025_Tile_Data/Only_PNG_Data/fp5/UAVSAR/tile_39_26.tif,2025_Tile_Data/Only_PNG_Data/fp5/flood_mask/tile_39_26.tif
milton/tiles/fp3/uavsar/tile_00072.tif,milton/tiles/fp3/masks/tile_00072.tif
milton/tiles/fp6/uavsar/tile_00123.tif,milton/tiles/fp6/masks/tile_00123.tif
2025_Tile_Data/Only_PNG_Data/fp6/UAVSAR/tile_38_32.tif,2025_Tile_Data/Only_PNG_Data/fp6/flood_mask/tile_38_32.tif
milton/tiles/fp5/uavsar/tile_00059.tif,milton/tiles/fp5/masks/tile_00059.tif
2025_Tile_Data/Only_PNG_Data/fp2/UAVSAR/tile_36_46.tif,2025_Tile_Data/Only_PNG_Data/fp2/flood_mask/tile_36_46.tif
2025_Tile_Data/Only_PNG_Data/fp3/UAVSAR/tile_32_30.tif,2025_Tile_Data/Only_PNG_Data/fp3/flood_mask/tile_32_30.tif
2025_Tile_Data/Only_PNG_Data/fp5/UAVSAR/tile_34_22.tif,2025_Tile_Data/Only_PNG_Data/fp5/flood_mask/tile_34_22.tif
2025_Tile_Data/Only_PNG_Data/fp2/UAVSAR/tile_18_43.tif,2025_Tile_Data/Only_PNG_Data/fp2/flood_mask/tile_18_43.tif
milton/tiles/fp1/uavsar/tile_00118.tif,milton/tiles/fp1/masks/tile_00118.tif
2025_Tile_Data/Only_PNG_Data/fp3/UAVSAR/tile_43_48.tif,2025_Tile_Data/Only_PNG_Data/fp3/flood_mask/tile_43_48.tif
2025_Tile_Data/Only_PNG_Data/fp7/UAVSAR/tile_33_74.tif,2025_Tile_Data/Only_PNG_Data/fp7/flood_mask/tile_33_74.tif
2025_Tile_Data/Only_PNG_Data/fp6/UAVSAR/tile_35_31.tif,2025_Tile_Data/Only_PNG_Data/fp6/flood_mask/tile_35_31.tif
2025_Tile_Data/Only_PNG_Data/fp5/UAVSAR/tile_44_33.tif,2025_Tile_Data/Only_PNG_Data/fp5/flood_mask/tile_44_33.tif
2025_Tile_Data/Only_PNG_Data/fp7/UAVSAR/tile_31_69.tif,2025_Tile_Data/Only_PNG_Data/fp7/flood_mask/tile_31_69.tif
2025_Tile_Data/Only_PNG_Data/fp3/UAVSAR/tile_44_43.tif,2025_Tile_Data/Only_PNG_Data/fp3/flood_mask/tile_44_43.tif
2025_Tile_Data/Only_PNG_Data/fp4/UAVSAR/tile_32_21.tif,2025_Tile_Data/Only_PNG_Data/fp4/flood_mask/tile_32_21.tif
2025_Tile_Data/Only_PNG_Data/fp3/UAVSAR/tile_41_46.tif,2025_Tile_Data/Only_PNG_Data/fp3/flood_mask/tile_41_46.tif
milton/tiles/fp2/uavsar/tile_00123.tif,milton/tiles/fp2/masks/tile_00123.tif
2025_Tile_Data/Only_PNG_Data/fp4/UAVSAR/tile_34_21.tif,2025_Tile_Data/Only_PNG_Data/fp4/flood_mask/tile_34_21.tif
milton/tiles/fp6/uavsar/tile_00018.tif,milton/tiles/fp6/masks/tile_00018.tif
milton/tiles/fp2/uavsar/tile_00032.tif,milton/tiles/fp2/masks/tile_00032.tif
milton/tiles/fp6/uavsar/tile_00058.tif,milton/tiles/fp6/masks/tile_00058.tif
milton/tiles/fp3/uavsar/tile_00003.tif,milton/tiles/fp3/masks/tile_00003.tif
2025_Tile_Data/Only_PNG_Data/fp7/UAVSAR/tile_25_64.tif,2025_Tile_Data/Only_PNG_Data/fp7/flood_mask/tile_25_64.tif
milton/tiles/fp5/uavsar/tile_00064.tif,milton/tiles/fp5/masks/tile_00064.tif
2025_Tile_Data/Only_PNG_Data/fp2/UAVSAR/tile_22_46.tif,2025_Tile_Data/Only_PNG_Data/fp2/flood_mask/tile_22_46.tif
2025_Tile_Data/Only_PNG_Data/fp4/UAVSAR/tile_31_25.tif,2025_Tile_Data/Only_PNG_Data/fp4/flood_mask/tile_31_25.tif
milton/tiles/fp4/uavsar/tile_00011.tif,milton/tiles/fp4/masks/tile_00011.tif
2025_Tile_Data/Only_PNG_Data/fp6/UAVSAR/tile_30_28.tif,2025_Tile_Data/Only_PNG_Data/fp6/flood_mask/tile_30_28.tif
2025_Tile_Data/Only_PNG_Data/fp5/UAVSAR/tile_46_33.tif,2025_Tile_Data/Only_PNG_Data/fp5/flood_mask/tile_46_33.tif
milton/tiles/fp5/uavsar/tile_00012.tif,milton/tiles/fp5/masks/tile_00012.tif
2025_Tile_Data/Only_PNG_Data/fp4/UAVSAR/tile_46_35.tif,2025_Tile_Data/Only_PNG_Data/fp4/flood_mask/tile_46_35.tif
2025_Tile_Data/Only_PNG_Data/fp6/UAVSAR/tile_41_39.tif,2025_Tile_Data/Only_PNG_Data/fp6/flood_mask/tile_41_39.tif
2025_Tile_Data/Only_PNG_Data/fp3/UAVSAR/tile_40_39.tif,2025_Tile_Data/Only_PNG_Data/fp3/flood_mask/tile_40_39.tif
2025_Tile_Data/Only_PNG_Data/fp4/UAVSAR/tile_44_38.tif,2025_Tile_Data/Only_PNG_Data/fp4/flood_mask/tile_44_38.tif
2025_Tile_Data/Only_PNG_Data/fp7/UAVSAR/tile_31_70.tif,2025_Tile_Data/Only_PNG_Data/fp7/flood_mask/tile_31_70.tif
milton/tiles/fp6/uavsar/tile_00074.tif,milton/tiles/fp6/masks/tile_00074.tif
milton/tiles/fp6/uavsar/tile_00150.tif,milton/tiles/fp6/masks/tile_00150.tif
milton/tiles/fp3/uavsar/tile_00044.tif,milton/tiles/fp3/masks/tile_00044.tif
2025_Tile_Data/Only_PNG_Data/fp3/UAVSAR/tile_40_41.tif,2025_Tile_Data/Only_PNG_Data/fp3/flood_mask/tile_40_41.tif
2025_Tile_Data/Only_PNG_Data/fp7/UAVSAR/tile_25_65.tif,2025_Tile_Data/Only_PNG_Data/fp7/flood_mask/tile_25_65.tif
milton/tiles/fp3/uavsar/tile_00033.tif,milton/tiles/fp3/masks/tile_00033.tif
2025_Tile_Data/Only_PNG_Data/fp3/UAVSAR/tile_43_40.tif,2025_Tile_Data/Only_PNG_Data/fp3/flood_mask/tile_43_40.tif
milton/tiles/fp1/uavsar/tile_00072.tif,milton/tiles/fp1/masks/tile_00072.tif
2025_Tile_Data/Only_PNG_Data/fp6/UAVSAR/tile_39_35.tif,2025_Tile_Data/Only_PNG_Data/fp6/flood_mask/tile_39_35.tif
2025_Tile_Data/Only_PNG_Data/fp7/UAVSAR/tile_19_62.tif,2025_Tile_Data/Only_PNG_Data/fp7/flood_mask/tile_19_62.tif
milton/tiles/fp1/uavsar/tile_00098.tif,milton/tiles/fp1/masks/tile_00098.tif
milton/tiles/fp6/uavsar/tile_00128.tif,milton/tiles/fp6/masks/tile_00128.tif
2025_Tile_Data/Only_PNG_Data/fp5/UAVSAR/tile_30_16.tif,2025_Tile_Data/Only_PNG_Data/fp5/flood_mask/tile_30_16.tif
2025_Tile_Data/Only_PNG_Data/fp6/UAVSAR/tile_44_40.tif,2025_Tile_Data/Only_PNG_Data/fp6/flood_mask/tile_44_40.tif
2025_Tile_Data/Only_PNG_Data/fp5/UAVSAR/tile_37_23.tif,2025_Tile_Data/Only_PNG_Data/fp5/flood_mask/tile_37_23.tif
milton/tiles/fp1/uavsar/tile_00011.tif,milton/tiles/fp1/masks/tile_00011.tif
2025_Tile_Data/Only_PNG_Data/fp7/UAVSAR/tile_16_56.tif,2025_Tile_Data/Only_PNG_Data/fp7/flood_mask/tile_16_56.tif
2025_Tile_Data/Only_PNG_Data/fp5/UAVSAR/tile_47_32.tif,2025_Tile_Data/Only_PNG_Data/fp5/flood_mask/tile_47_32.tif
2025_Tile_Data/Only_PNG_Data/fp3/UAVSAR/tile_43_42.tif,2025_Tile_Data/Only_PNG_Data/fp3/flood_mask/tile_43_42.tif
2025_Tile_Data/Only_PNG_Data/fp6/UAVSAR/tile_28_24.tif,2025_Tile_Data/Only_PNG_Data/fp6/flood_mask/tile_28_24.tif
milton/tiles/fp6/uavsar/tile_00049.tif,milton/tiles/fp6/masks/tile_00049.tif
2025_Tile_Data/Only_PNG_Data/fp6/UAVSAR/tile_39_38.tif,2025_Tile_Data/Only_PNG_Data/fp6/flood_mask/tile_39_38.tif
2025_Tile_Data/Only_PNG_Data/fp3/UAVSAR/tile_29_32.tif,2025_Tile_Data/Only_PNG_Data/fp3/flood_mask/tile_29_32.tif
milton/tiles/fp4/uavsar/tile_00009.tif,milton/tiles/fp4/masks/tile_00009.tif
2025_Tile_Data/Only_PNG_Data/fp3/UAVSAR/tile_26_27.tif,2025_Tile_Data/Only_PNG_Data/fp3/flood_mask/tile_26_27.tif
milton/tiles/fp3/uavsar/tile_00008.tif,milton/tiles/fp3/masks/tile_00008.tif
2025_Tile_Data/Only_PNG_Data/fp4/UAVSAR/tile_45_38.tif,2025_Tile_Data/Only_PNG_Data/fp4/flood_mask/tile_45_38.tif
milton/tiles/fp2/uavsar/tile_00037.tif,milton/tiles/fp2/masks/tile_00037.tif
2025_Tile_Data/Only_PNG_Data/fp7/UAVSAR/tile_33_71.tif,2025_Tile_Data/Only_PNG_Data/fp7/flood_mask/tile_33_71.tif
2025_Tile_Data/Only_PNG_Data/fp6/UAVSAR/tile_26_24.tif,2025_Tile_Data/Only_PNG_Data/fp6/flood_mask/tile_26_24.tif
2025_Tile_Data/Only_PNG_Data/fp4/UAVSAR/tile_34_28.tif,2025_Tile_Data/Only_PNG_Data/fp4/flood_mask/tile_34_28.tif
2025_Tile_Data/Only_PNG_Data/fp4/UAVSAR/tile_43_29.tif,2025_Tile_Data/Only_PNG_Data/fp4/flood_mask/tile_43_29.tif
2025_Tile_Data/Only_PNG_Data/fp2/UAVSAR/tile_41_45.tif,2025_Tile_Data/Only_PNG_Data/fp2/flood_mask/tile_41_45.tif
milton/tiles/fp2/uavsar/tile_00041.tif,milton/tiles/fp2/masks/tile_00041.tif
2025_Tile_Data/Only_PNG_Data/fp7/UAVSAR/tile_19_59.tif,2025_Tile_Data/Only_PNG_Data/fp7/flood_mask/tile_19_59.tif
milton/tiles/fp2/uavsar/tile_00063.tif,milton/tiles/fp2/masks/tile_00063.tif
2025_Tile_Data/Only_PNG_Data/fp7/UAVSAR/tile_24_66.tif,2025_Tile_Data/Only_PNG_Data/fp7/flood_mask/tile_24_66.tif
milton/tiles/fp3/uavsar/tile_00064.tif,milton/tiles/fp3/masks/tile_00064.tif
2025_Tile_Data/Only_PNG_Data/fp4/UAVSAR/tile_32_22.tif,2025_Tile_Data/Only_PNG_Data/fp4/flood_mask/tile_32_22.tif
milton/tiles/fp6/uavsar/tile_00004.tif,milton/tiles/fp6/masks/tile_00004.tif
2025_Tile_Data/Only_PNG_Data/fp5/UAVSAR/tile_33_18.tif,2025_Tile_Data/Only_PNG_Data/fp5/flood_mask/tile_33_18.tif
2025_Tile_Data/Only_PNG_Data/fp2/UAVSAR/tile_32_46.tif,2025_Tile_Data/Only_PNG_Data/fp2/flood_mask/tile_32_46.tif
2025_Tile_Data/Only_PNG_Data/fp4/UAVSAR/tile_35_29.tif,2025_Tile_Data/Only_PNG_Data/fp4/flood_mask/tile_35_29.tif
milton/tiles/fp6/uavsar/tile_00108.tif,milton/tiles/fp6/masks/tile_00108.tif
milton/tiles/fp1/uavsar/tile_00167.tif,milton/tiles/fp1/masks/tile_00167.tif
2025_Tile_Data/Only_PNG_Data/fp5/UAVSAR/tile_36_24.tif,2025_Tile_Data/Only_PNG_Data/fp5/flood_mask/tile_36_24.tif
2025_Tile_Data/Only_PNG_Data/fp4/UAVSAR/tile_33_20.tif,2025_Tile_Data/Only_PNG_Data/fp4/flood_mask/tile_33_20.tif
2025_Tile_Data/Only_PNG_Data/fp2/UAVSAR/tile_25_46.tif,2025_Tile_Data/Only_PNG_Data/fp2/flood_mask/tile_25_46.tif
2025_Tile_Data/Only_PNG_Data/fp6/UAVSAR/tile_45_40.tif,2025_Tile_Data/Only_PNG_Data/fp6/flood_mask/tile_45_40.tif
2025_Tile_Data/Only_PNG_Data/fp5/UAVSAR/tile_41_23.tif,2025_Tile_Data/Only_PNG_Data/fp5/flood_mask/tile_41_23.tif
2025_Tile_Data/Only_PNG_Data/fp7/UAVSAR/tile_13_57.tif,2025_Tile_Data/Only_PNG_Data/fp7/flood_mask/tile_13_57.tif
2025_Tile_Data/Only_PNG_Data/fp2/UAVSAR/tile_44_45.tif,2025_Tile_Data/Only_PNG_Data/fp2/flood_mask/tile_44_45.tif
milton/tiles/fp2/uavsar/tile_00078.tif,milton/tiles/fp2/masks/tile_00078.tif
milton/tiles/fp6/uavsar/tile_00081.tif,milton/tiles/fp6/masks/tile_00081.tif
2025_Tile_Data/Only_PNG_Data/fp6/UAVSAR/tile_33_24.tif,2025_Tile_Data/Only_PNG_Data/fp6/flood_mask/tile_33_24.tif
milton/tiles/fp4/uavsar/tile_00015.tif,milton/tiles/fp4/masks/tile_00015.tif
milton/tiles/fp3/uavsar/tile_00079.tif,milton/tiles/fp3/masks/tile_00079.tif
2025_Tile_Data/Only_PNG_Data/fp6/UAVSAR/tile_44_38.tif,2025_Tile_Data/Only_PNG_Data/fp6/flood_mask/tile_44_38.tif
2025_Tile_Data/Only_PNG_Data/fp6/UAVSAR/tile_35_26.tif,2025_Tile_Data/Only_PNG_Data/fp6/flood_mask/tile_35_26.tif
milton/tiles/fp3/uavsar/tile_00042.tif,milton/tiles/fp3/masks/tile_00042.tif
milton/tiles/fp3/uavsar/tile_00020.tif,milton/tiles/fp3/masks/tile_00020.tif
milton/tiles/fp6/uavsar/tile_00133.tif,milton/tiles/fp6/masks/tile_00133.tif
2025_Tile_Data/Only_PNG_Data/fp7/UAVSAR/tile_20_62.tif,2025_Tile_Data/Only_PNG_Data/fp7/flood_mask/tile_20_62.tif
milton/tiles/fp2/uavsar/tile_00104.tif,milton/tiles/fp2/masks/tile_00104.tif
2025_Tile_Data/Only_PNG_Data/fp5/UAVSAR/tile_44_29.tif,2025_Tile_Data/Only_PNG_Data/fp5/flood_mask/tile_44_29.tif
2025_Tile_Data/Only_PNG_Data/fp2/UAVSAR/tile_33_48.tif,2025_Tile_Data/Only_PNG_Data/fp2/flood_mask/tile_33_48.tif
2025_Tile_Data/Only_PNG_Data/fp3/UAVSAR/tile_33_34.tif,2025_Tile_Data/Only_PNG_Data/fp3/flood_mask/tile_33_34.tif
milton/tiles/fp3/uavsar/tile_00012.tif,milton/tiles/fp3/masks/tile_00012.tif
milton/tiles/fp1/uavsar/tile_00034.tif,milton/tiles/fp1/masks/tile_00034.tif
2025_Tile_Data/Only_PNG_Data/fp4/UAVSAR/tile_38_32.tif,2025_Tile_Data/Only_PNG_Data/fp4/flood_mask/tile_38_32.tif
2025_Tile_Data/Only_PNG_Data/fp4/UAVSAR/tile_36_26.tif,2025_Tile_Data/Only_PNG_Data/fp4/flood_mask/tile_36_26.tif
milton/tiles/fp1/uavsar/tile_00051.tif,milton/tiles/fp1/masks/tile_00051.tif
milton/tiles/fp6/uavsar/tile_00026.tif,milton/tiles/fp6/masks/tile_00026.tif
2025_Tile_Data/Only_PNG_Data/fp6/UAVSAR/tile_32_23.tif,2025_Tile_Data/Only_PNG_Data/fp6/flood_mask/tile_32_23.tif
2025_Tile_Data/Only_PNG_Data/fp5/UAVSAR/tile_42_26.tif,2025_Tile_Data/Only_PNG_Data/fp5/flood_mask/tile_42_26.tif
2025_Tile_Data/Only_PNG_Data/fp4/UAVSAR/tile_29_16.tif,2025_Tile_Data/Only_PNG_Data/fp4/flood_mask/tile_29_16.tif
milton/tiles/fp2/uavsar/tile_00018.tif,milton/tiles/fp2/masks/tile_00018.tif
2025_Tile_Data/Only_PNG_Data/fp2/UAVSAR/tile_22_43.tif,2025_Tile_Data/Only_PNG_Data/fp2/flood_mask/tile_22_43.tif
milton/tiles/fp6/uavsar/tile_00130.tif,milton/tiles/fp6/masks/tile_00130.tif
milton/tiles/fp6/uavsar/tile_00115.tif,milton/tiles/fp6/masks/tile_00115.tif
milton/tiles/fp3/uavsar/tile_00054.tif,milton/tiles/fp3/masks/tile_00054.tif
milton/tiles/fp1/uavsar/tile_00057.tif,milton/tiles/fp1/masks/tile_00057.tif
milton/tiles/fp1/uavsar/tile_00115.tif,milton/tiles/fp1/masks/tile_00115.tif
2025_Tile_Data/Only_PNG_Data/fp7/UAVSAR/tile_18_59.tif,2025_Tile_Data/Only_PNG_Data/fp7/flood_mask/tile_18_59.tif
milton/tiles/fp1/uavsar/tile_00141.tif,milton/tiles/fp1/masks/tile_00141.tif
milton/tiles/fp3/uavsar/tile_00123.tif,milton/tiles/fp3/masks/tile_00123.tif
2025_Tile_Data/Only_PNG_Data/fp4/UAVSAR/tile_31_24.tif,2025_Tile_Data/Only_PNG_Data/fp4/flood_mask/tile_31_24.tif
2025_Tile_Data/Only_PNG_Data/fp6/UAVSAR/tile_40_34.tif,2025_Tile_Data/Only_PNG_Data/fp6/flood_mask/tile_40_34.tif
2025_Tile_Data/Only_PNG_Data/fp5/UAVSAR/tile_34_17.tif,2025_Tile_Data/Only_PNG_Data/fp5/flood_mask/tile_34_17.tif
milton/tiles/fp2/uavsar/tile_00060.tif,milton/tiles/fp2/masks/tile_00060.tif
2025_Tile_Data/Only_PNG_Data/fp4/UAVSAR/tile_43_32.tif,2025_Tile_Data/Only_PNG_Data/fp4/flood_mask/tile_43_32.tif
milton/tiles/fp6/uavsar/tile_00037.tif,milton/tiles/fp6/masks/tile_00037.tif
milton/tiles/fp2/uavsar/tile_00098.tif,milton/tiles/fp2/masks/tile_00098.tif
2025_Tile_Data/Only_PNG_Data/fp3/UAVSAR/tile_41_40.tif,2025_Tile_Data/Only_PNG_Data/fp3/flood_mask/tile_41_40.tif
milton/tiles/fp3/uavsar/tile_00094.tif,milton/tiles/fp3/masks/tile_00094.tif
milton/tiles/fp2/uavsar/tile_00115.tif,milton/tiles/fp2/masks/tile_00115.tif
2025_Tile_Data/Only_PNG_Data/fp2/UAVSAR/tile_25_45.tif,2025_Tile_Data/Only_PNG_Data/fp2/flood_mask/tile_25_45.tif
milton/tiles/fp2/uavsar/tile_00131.tif,milton/tiles/fp2/masks/tile_00131.tif
milton/tiles/fp7/uavsar/tile_00010.tif,milton/tiles/fp7/masks/tile_00010.tif
2025_Tile_Data/Only_PNG_Data/fp2/UAVSAR/tile_30_47.tif,2025_Tile_Data/Only_PNG_Data/fp2/flood_mask/tile_30_47.tif
2025_Tile_Data/Only_PNG_Data/fp2/UAVSAR/tile_35_45.tif,2025_Tile_Data/Only_PNG_Data/fp2/flood_mask/tile_35_45.tif
milton/tiles/fp3/uavsar/tile_00073.tif,milton/tiles/fp3/masks/tile_00073.tif
2025_Tile_Data/Only_PNG_Data/fp4/UAVSAR/tile_44_36.tif,2025_Tile_Data/Only_PNG_Data/fp4/flood_mask/tile_44_36.tif
milton/tiles/fp2/uavsar/tile_00129.tif,milton/tiles/fp2/masks/tile_00129.tif
2025_Tile_Data/Only_PNG_Data/fp2/UAVSAR/tile_40_49.tif,2025_Tile_Data/Only_PNG_Data/fp2/flood_mask/tile_40_49.tif
milton/tiles/fp7/uavsar/tile_00036.tif,milton/tiles/fp7/masks/tile_00036.tif
milton/tiles/fp2/uavsar/tile_00133.tif,milton/tiles/fp2/masks/tile_00133.tif
milton/tiles/fp3/uavsar/tile_00104.tif,milton/tiles/fp3/masks/tile_00104.tif
2025_Tile_Data/Only_PNG_Data/fp5/UAVSAR/tile_33_16.tif,2025_Tile_Data/Only_PNG_Data/fp5/flood_mask/tile_33_16.tif
2025_Tile_Data/Only_PNG_Data/fp7/UAVSAR/tile_23_64.tif,2025_Tile_Data/Only_PNG_Data/fp7/flood_mask/tile_23_64.tif
milton/tiles/fp6/uavsar/tile_00125.tif,milton/tiles/fp6/masks/tile_00125.tif
milton/tiles/fp5/uavsar/tile_00089.tif,milton/tiles/fp5/masks/tile_00089.tif
2025_Tile_Data/Only_PNG_Data/fp6/UAVSAR/tile_31_27.tif,2025_Tile_Data/Only_PNG_Data/fp6/flood_mask/tile_31_27.tif
2025_Tile_Data/Only_PNG_Data/fp6/UAVSAR/tile_28_27.tif,2025_Tile_Data/Only_PNG_Data/fp6/flood_mask/tile_28_27.tif
milton/tiles/fp4/uavsar/tile_00018.tif,milton/tiles/fp4/masks/tile_00018.tif
milton/tiles/fp6/uavsar/tile_00149.tif,milton/tiles/fp6/masks/tile_00149.tif
2025_Tile_Data/Only_PNG_Data/fp6/UAVSAR/tile_29_20.tif,2025_Tile_Data/Only_PNG_Data/fp6/flood_mask/tile_29_20.tif
milton/tiles/fp6/uavsar/tile_00138.tif,milton/tiles/fp6/masks/tile_00138.tif
2025_Tile_Data/Only_PNG_Data/fp5/UAVSAR/tile_35_18.tif,2025_Tile_Data/Only_PNG_Data/fp5/flood_mask/tile_35_18.tif
milton/tiles/fp6/uavsar/tile_00015.tif,milton/tiles/fp6/masks/tile_00015.tif
2025_Tile_Data/Only_PNG_Data/fp4/UAVSAR/tile_35_22.tif,2025_Tile_Data/Only_PNG_Data/fp4/flood_mask/tile_35_22.tif
milton/tiles/fp1/uavsar/tile_00015.tif,milton/tiles/fp1/masks/tile_00015.tif
2025_Tile_Data/Only_PNG_Data/fp3/UAVSAR/tile_43_43.tif,2025_Tile_Data/Only_PNG_Data/fp3/flood_mask/tile_43_43.tif
milton/tiles/fp6/uavsar/tile_00066.tif,milton/tiles/fp6/masks/tile_00066.tif
2025_Tile_Data/Only_PNG_Data/fp3/UAVSAR/tile_28_28.tif,2025_Tile_Data/Only_PNG_Data/fp3/flood_mask/tile_28_28.tif
milton/tiles/fp1/uavsar/tile_00135.tif,milton/tiles/fp1/masks/tile_00135.tif
2025_Tile_Data/Only_PNG_Data/fp6/UAVSAR/tile_46_39.tif,2025_Tile_Data/Only_PNG_Data/fp6/flood_mask/tile_46_39.tif
2025_Tile_Data/Only_PNG_Data/fp2/UAVSAR/tile_28_47.tif,2025_Tile_Data/Only_PNG_Data/fp2/flood_mask/tile_28_47.tif
milton/tiles/fp3/uavsar/tile_00017.tif,milton/tiles/fp3/masks/tile_00017.tif
milton/tiles/fp1/uavsar/tile_00027.tif,milton/tiles/fp1/masks/tile_00027.tif
milton/tiles/fp5/uavsar/tile_00077.tif,milton/tiles/fp5/masks/tile_00077.tif
2025_Tile_Data/Only_PNG_Data/fp7/UAVSAR/tile_16_57.tif,2025_Tile_Data/Only_PNG_Data/fp7/flood_mask/tile_16_57.tif
2025_Tile_Data/Only_PNG_Data/fp6/UAVSAR/tile_31_24.tif,2025_Tile_Data/Only_PNG_Data/fp6/flood_mask/tile_31_24.tif
2025_Tile_Data/Only_PNG_Data/fp6/UAVSAR/tile_44_43.tif,2025_Tile_Data/Only_PNG_Data/fp6/flood_mask/tile_44_43.tif
2025_Tile_Data/Only_PNG_Data/fp2/UAVSAR/tile_29_47.tif,2025_Tile_Data/Only_PNG_Data/fp2/flood_mask/tile_29_47.tif
milton/tiles/fp4/uavsar/tile_00028.tif,milton/tiles/fp4/masks/tile_00028.tif
2025_Tile_Data/Only_PNG_Data/fp7/UAVSAR/tile_29_68.tif,2025_Tile_Data/Only_PNG_Data/fp7/flood_mask/tile_29_68.tif
2025_Tile_Data/Only_PNG_Data/fp5/UAVSAR/tile_38_23.tif,2025_Tile_Data/Only_PNG_Data/fp5/flood_mask/tile_38_23.tif
milton/tiles/fp6/uavsar/tile_00062.tif,milton/tiles/fp6/masks/tile_00062.tif
milton/tiles/fp1/uavsar/tile_00069.tif,milton/tiles/fp1/masks/tile_00069.tif
milton/tiles/fp5/uavsar/tile_00049.tif,milton/tiles/fp5/masks/tile_00049.tif
milton/tiles/fp3/uavsar/tile_00103.tif,milton/tiles/fp3/masks/tile_00103.tif
2025_Tile_Data/Only_PNG_Data/fp6/UAVSAR/tile_45_37.tif,2025_Tile_Data/Only_PNG_Data/fp6/flood_mask/tile_45_37.tif
milton/tiles/fp6/uavsar/tile_00016.tif,milton/tiles/fp6/masks/tile_00016.tif
2025_Tile_Data/Only_PNG_Data/fp6/UAVSAR/tile_36_28.tif,2025_Tile_Data/Only_PNG_Data/fp6/flood_mask/tile_36_28.tif
2025_Tile_Data/Only_PNG_Data/fp2/UAVSAR/tile_18_45.tif,2025_Tile_Data/Only_PNG_Data/fp2/flood_mask/tile_18_45.tif
milton/tiles/fp4/uavsar/tile_00000.tif,milton/tiles/fp4/masks/tile_00000.tif
2025_Tile_Data/Only_PNG_Data/fp6/UAVSAR/tile_43_34.tif,2025_Tile_Data/Only_PNG_Data/fp6/flood_mask/tile_43_34.tif
2025_Tile_Data/Only_PNG_Data/fp2/UAVSAR/tile_25_44.tif,2025_Tile_Data/Only_PNG_Data/fp2/flood_mask/tile_25_44.tif
2025_Tile_Data/Only_PNG_Data/fp6/UAVSAR/tile_45_36.tif,2025_Tile_Data/Only_PNG_Data/fp6/flood_mask/tile_45_36.tif
2025_Tile_Data/Only_PNG_Data/fp7/UAVSAR/tile_22_65.tif,2025_Tile_Data/Only_PNG_Data/fp7/flood_mask/tile_22_65.tif
2025_Tile_Data/Only_PNG_Data/fp4/UAVSAR/tile_40_33.tif,2025_Tile_Data/Only_PNG_Data/fp4/flood_mask/tile_40_33.tif
2025_Tile_Data/Only_PNG_Data/fp2/UAVSAR/tile_44_49.tif,2025_Tile_Data/Only_PNG_Data/fp2/flood_mask/tile_44_49.tif
2025_Tile_Data/Only_PNG_Data/fp7/UAVSAR/tile_20_63.tif,2025_Tile_Data/Only_PNG_Data/fp7/flood_mask/tile_20_63.tif
milton/tiles/fp1/uavsar/tile_00024.tif,milton/tiles/fp1/masks/tile_00024.tif
2025_Tile_Data/Only_PNG_Data/fp6/UAVSAR/tile_29_28.tif,2025_Tile_Data/Only_PNG_Data/fp6/flood_mask/tile_29_28.tif
2025_Tile_Data/Only_PNG_Data/fp7/UAVSAR/tile_17_59.tif,2025_Tile_Data/Only_PNG_Data/fp7/flood_mask/tile_17_59.tif
2025_Tile_Data/Only_PNG_Data/fp7/UAVSAR/tile_20_61.tif,2025_Tile_Data/Only_PNG_Data/fp7/flood_mask/tile_20_61.tif
milton/tiles/fp6/uavsar/tile_00024.tif,milton/tiles/fp6/masks/tile_00024.tif
milton/tiles/fp5/uavsar/tile_00033.tif,milton/tiles/fp5/masks/tile_00033.tif
2025_Tile_Data/Only_PNG_Data/fp4/UAVSAR/tile_28_17.tif,2025_Tile_Data/Only_PNG_Data/fp4/flood_mask/tile_28_17.tif
2025_Tile_Data/Only_PNG_Data/fp6/UAVSAR/tile_43_39.tif,2025_Tile_Data/Only_PNG_Data/fp6/flood_mask/tile_43_39.tif
2025_Tile_Data/Only_PNG_Data/fp4/UAVSAR/tile_46_33.tif,2025_Tile_Data/Only_PNG_Data/fp4/flood_mask/tile_46_33.tif
2025_Tile_Data/Only_PNG_Data/fp4/UAVSAR/tile_27_20.tif,2025_Tile_Data/Only_PNG_Data/fp4/flood_mask/tile_27_20.tif
milton/tiles/fp6/uavsar/tile_00061.tif,milton/tiles/fp6/masks/tile_00061.tif
2025_Tile_Data/Only_PNG_Data/fp3/UAVSAR/tile_27_29.tif,2025_Tile_Data/Only_PNG_Data/fp3/flood_mask/tile_27_29.tif
2025_Tile_Data/Only_PNG_Data/fp6/UAVSAR/tile_27_20.tif,2025_Tile_Data/Only_PNG_Data/fp6/flood_mask/tile_27_20.tif
2025_Tile_Data/Only_PNG_Data/fp6/UAVSAR/tile_31_23.tif,2025_Tile_Data/Only_PNG_Data/fp6/flood_mask/tile_31_23.tif
2025_Tile_Data/Only_PNG_Data/fp5/UAVSAR/tile_38_21.tif,2025_Tile_Data/Only_PNG_Data/fp5/flood_mask/tile_38_21.tif
2025_Tile_Data/Only_PNG_Data/fp4/UAVSAR/tile_47_35.tif,2025_Tile_Data/Only_PNG_Data/fp4/flood_mask/tile_47_35.tif
2025_Tile_Data/Only_PNG_Data/fp5/UAVSAR/tile_41_29.tif,2025_Tile_Data/Only_PNG_Data/fp5/flood_mask/tile_41_29.tif
2025_Tile_Data/Only_PNG_Data/fp3/UAVSAR/tile_26_29.tif,2025_Tile_Data/Only_PNG_Data/fp3/flood_mask/tile_26_29.tif
2025_Tile_Data/Only_PNG_Data/fp7/UAVSAR/tile_30_72.tif,2025_Tile_Data/Only_PNG_Data/fp7/flood_mask/tile_30_72.tif
2025_Tile_Data/Only_PNG_Data/fp5/UAVSAR/tile_38_27.tif,2025_Tile_Data/Only_PNG_Data/fp5/flood_mask/tile_38_27.tif
2025_Tile_Data/Only_PNG_Data/fp5/UAVSAR/tile_29_16.tif,2025_Tile_Data/Only_PNG_Data/fp5/flood_mask/tile_29_16.tif
milton/tiles/fp1/uavsar/tile_00062.tif,milton/tiles/fp1/masks/tile_00062.tif
milton/tiles/fp1/uavsar/tile_00137.tif,milton/tiles/fp1/masks/tile_00137.tif
2025_Tile_Data/Only_PNG_Data/fp5/UAVSAR/tile_39_25.tif,2025_Tile_Data/Only_PNG_Data/fp5/flood_mask/tile_39_25.tif
2025_Tile_Data/Only_PNG_Data/fp5/UAVSAR/tile_31_20.tif,2025_Tile_Data/Only_PNG_Data/fp5/flood_mask/tile_31_20.tif
2025_Tile_Data/Only_PNG_Data/fp5/UAVSAR/tile_34_23.tif,2025_Tile_Data/Only_PNG_Data/fp5/flood_mask/tile_34_23.tif
2025_Tile_Data/Only_PNG_Data/fp7/UAVSAR/tile_35_72.tif,2025_Tile_Data/Only_PNG_Data/fp7/flood_mask/tile_35_72.tif
milton/tiles/fp1/uavsar/tile_00042.tif,milton/tiles/fp1/masks/tile_00042.tif
2025_Tile_Data/Only_PNG_Data/fp4/UAVSAR/tile_29_22.tif,2025_Tile_Data/Only_PNG_Data/fp4/flood_mask/tile_29_22.tif
2025_Tile_Data/Only_PNG_Data/fp7/UAVSAR/tile_33_72.tif,2025_Tile_Data/Only_PNG_Data/fp7/flood_mask/tile_33_72.tif
milton/tiles/fp2/uavsar/tile_00067.tif,milton/tiles/fp2/masks/tile_00067.tif
2025_Tile_Data/Only_PNG_Data/fp7/UAVSAR/tile_25_66.tif,2025_Tile_Data/Only_PNG_Data/fp7/flood_mask/tile_25_66.tif
milton/tiles/fp1/uavsar/tile_00103.tif,milton/tiles/fp1/masks/tile_00103.tif
2025_Tile_Data/Only_PNG_Data/fp7/UAVSAR/tile_32_69.tif,2025_Tile_Data/Only_PNG_Data/fp7/flood_mask/tile_32_69.tif
2025_Tile_Data/Only_PNG_Data/fp6/UAVSAR/tile_26_23.tif,2025_Tile_Data/Only_PNG_Data/fp6/flood_mask/tile_26_23.tif
milton/tiles/fp5/uavsar/tile_00065.tif,milton/tiles/fp5/masks/tile_00065.tif
milton/tiles/fp5/uavsar/tile_00052.tif,milton/tiles/fp5/masks/tile_00052.tif
2025_Tile_Data/Only_PNG_Data/fp3/UAVSAR/tile_43_39.tif,2025_Tile_Data/Only_PNG_Data/fp3/flood_mask/tile_43_39.tif
milton/tiles/fp1/uavsar/tile_00004.tif,milton/tiles/fp1/masks/tile_00004.tif
2025_Tile_Data/Only_PNG_Data/fp3/UAVSAR/tile_40_38.tif,2025_Tile_Data/Only_PNG_Data/fp3/flood_mask/tile_40_38.tif
2025_Tile_Data/Only_PNG_Data/fp5/UAVSAR/tile_32_17.tif,2025_Tile_Data/Only_PNG_Data/fp5/flood_mask/tile_32_17.tif
milton/tiles/fp7/uavsar/tile_00011.tif,milton/tiles/fp7/masks/tile_00011.tif
milton/tiles/fp1/uavsar/tile_00021.tif,milton/tiles/fp1/masks/tile_00021.tif
milton/tiles/fp1/uavsar/tile_00130.tif,milton/tiles/fp1/masks/tile_00130.tif
2025_Tile_Data/Only_PNG_Data/fp4/UAVSAR/tile_33_25.tif,2025_Tile_Data/Only_PNG_Data/fp4/flood_mask/tile_33_25.tif
2025_Tile_Data/Only_PNG_Data/fp4/UAVSAR/tile_43_34.tif,2025_Tile_Data/Only_PNG_Data/fp4/flood_mask/tile_43_34.tif
2025_Tile_Data/Only_PNG_Data/fp7/UAVSAR/tile_24_67.tif,2025_Tile_Data/Only_PNG_Data/fp7/flood_mask/tile_24_67.tif
2025_Tile_Data/Only_PNG_Data/fp3/UAVSAR/tile_36_33.tif,2025_Tile_Data/Only_PNG_Data/fp3/flood_mask/tile_36_33.tif
2025_Tile_Data/Only_PNG_Data/fp2/UAVSAR/tile_18_44.tif,2025_Tile_Data/Only_PNG_Data/fp2/flood_mask/tile_18_44.tif
2025_Tile_Data/Only_PNG_Data/fp4/UAVSAR/tile_26_19.tif,2025_Tile_Data/Only_PNG_Data/fp4/flood_mask/tile_26_19.tif
2025_Tile_Data/Only_PNG_Data/fp5/UAVSAR/tile_31_13.tif,2025_Tile_Data/Only_PNG_Data/fp5/flood_mask/tile_31_13.tif
milton/tiles/fp6/uavsar/tile_00005.tif,milton/tiles/fp6/masks/tile_00005.tif
milton/tiles/fp1/uavsar/tile_00082.tif,milton/tiles/fp1/masks/tile_00082.tif
2025_Tile_Data/Only_PNG_Data/fp6/UAVSAR/tile_43_41.tif,2025_Tile_Data/Only_PNG_Data/fp6/flood_mask/tile_43_41.tif
2025_Tile_Data/Only_PNG_Data/fp4/UAVSAR/tile_38_24.tif,2025_Tile_Data/Only_PNG_Data/fp4/flood_mask/tile_38_24.tif
2025_Tile_Data/Only_PNG_Data/fp7/UAVSAR/tile_20_60.tif,2025_Tile_Data/Only_PNG_Data/fp7/flood_mask/tile_20_60.tif
milton/tiles/fp1/uavsar/tile_00002.tif,milton/tiles/fp1/masks/tile_00002.tif
2025_Tile_Data/Only_PNG_Data/fp3/UAVSAR/tile_25_27.tif,2025_Tile_Data/Only_PNG_Data/fp3/flood_mask/tile_25_27.tif
milton/tiles/fp5/uavsar/tile_00079.tif,milton/tiles/fp5/masks/tile_00079.tif
milton/tiles/fp6/uavsar/tile_00106.tif,milton/tiles/fp6/masks/tile_00106.tif
2025_Tile_Data/Only_PNG_Data/fp2/UAVSAR/tile_38_45.tif,2025_Tile_Data/Only_PNG_Data/fp2/flood_mask/tile_38_45.tif
milton/tiles/fp3/uavsar/tile_00000.tif,milton/tiles/fp3/masks/tile_00000.tif
2025_Tile_Data/Only_PNG_Data/fp3/UAVSAR/tile_46_46.tif,2025_Tile_Data/Only_PNG_Data/fp3/flood_mask/tile_46_46.tif
milton/tiles/fp6/uavsar/tile_00012.tif,milton/tiles/fp6/masks/tile_00012.tif
milton/tiles/fp5/uavsar/tile_00057.tif,milton/tiles/fp5/masks/tile_00057.tif
2025_Tile_Data/Only_PNG_Data/fp5/UAVSAR/tile_48_31.tif,2025_Tile_Data/Only_PNG_Data/fp5/flood_mask/tile_48_31.tif
milton/tiles/fp3/uavsar/tile_00113.tif,milton/tiles/fp3/masks/tile_00113.tif
milton/tiles/fp6/uavsar/tile_00100.tif,milton/tiles/fp6/masks/tile_00100.tif
2025_Tile_Data/Only_PNG_Data/fp6/UAVSAR/tile_31_22.tif,2025_Tile_Data/Only_PNG_Data/fp6/flood_mask/tile_31_22.tif
milton/tiles/fp1/uavsar/tile_00125.tif,milton/tiles/fp1/masks/tile_00125.tif
2025_Tile_Data/Only_PNG_Data/fp5/UAVSAR/tile_41_25.tif,2025_Tile_Data/Only_PNG_Data/fp5/flood_mask/tile_41_25.tif
2025_Tile_Data/Only_PNG_Data/fp3/UAVSAR/tile_28_30.tif,2025_Tile_Data/Only_PNG_Data/fp3/flood_mask/tile_28_30.tif
2025_Tile_Data/Only_PNG_Data/fp4/UAVSAR/tile_32_20.tif,2025_Tile_Data/Only_PNG_Data/fp4/flood_mask/tile_32_20.tif
milton/tiles/fp1/uavsar/tile_00039.tif,milton/tiles/fp1/masks/tile_00039.tif
milton/tiles/fp1/uavsar/tile_00116.tif,milton/tiles/fp1/masks/tile_00116.tif
milton/tiles/fp4/uavsar/tile_00026.tif,milton/tiles/fp4/masks/tile_00026.tif
2025_Tile_Data/Only_PNG_Data/fp7/UAVSAR/tile_31_73.tif,2025_Tile_Data/Only_PNG_Data/fp7/flood_mask/tile_31_73.tif
milton/tiles/fp6/uavsar/tile_00053.tif,milton/tiles/fp6/masks/tile_00053.tif
milton/tiles/fp1/uavsar/tile_00022.tif,milton/tiles/fp1/masks/tile_00022.tif
2025_Tile_Data/Only_PNG_Data/fp6/UAVSAR/tile_27_25.tif,2025_Tile_Data/Only_PNG_Data/fp6/flood_mask/tile_27_25.tif
milton/tiles/fp3/uavsar/tile_00018.tif,milton/tiles/fp3/masks/tile_00018.tif
milton/tiles/fp3/uavsar/tile_00011.tif,milton/tiles/fp3/masks/tile_00011.tif
2025_Tile_Data/Only_PNG_Data/fp5/UAVSAR/tile_42_24.tif,2025_Tile_Data/Only_PNG_Data/fp5/flood_mask/tile_42_24.tif
2025_Tile_Data/Only_PNG_Data/fp5/UAVSAR/tile_46_31.tif,2025_Tile_Data/Only_PNG_Data/fp5/flood_mask/tile_46_31.tif
2025_Tile_Data/Only_PNG_Data/fp2/UAVSAR/tile_16_42.tif,2025_Tile_Data/Only_PNG_Data/fp2/flood_mask/tile_16_42.tif
milton/tiles/fp2/uavsar/tile_00012.tif,milton/tiles/fp2/masks/tile_00012.tif
2025_Tile_Data/Only_PNG_Data/fp7/UAVSAR/tile_16_60.tif,2025_Tile_Data/Only_PNG_Data/fp7/flood_mask/tile_16_60.tif
2025_Tile_Data/Only_PNG_Data/fp5/UAVSAR/tile_45_32.tif,2025_Tile_Data/Only_PNG_Data/fp5/flood_mask/tile_45_32.tif
milton/tiles/fp2/uavsar/tile_00055.tif,milton/tiles/fp2/masks/tile_00055.tif
2025_Tile_Data/Only_PNG_Data/fp4/UAVSAR/tile_33_21.tif,2025_Tile_Data/Only_PNG_Data/fp4/flood_mask/tile_33_21.tif
milton/tiles/fp6/uavsar/tile_00114.tif,milton/tiles/fp6/masks/tile_00114.tif
2025_Tile_Data/Only_PNG_Data/fp7/UAVSAR/tile_23_62.tif,2025_Tile_Data/Only_PNG_Data/fp7/flood_mask/tile_23_62.tif
milton/tiles/fp5/uavsar/tile_00005.tif,milton/tiles/fp5/masks/tile_00005.tif
2025_Tile_Data/Only_PNG_Data/fp3/UAVSAR/tile_41_42.tif,2025_Tile_Data/Only_PNG_Data/fp3/flood_mask/tile_41_42.tif
milton/tiles/fp3/uavsar/tile_00062.tif,milton/tiles/fp3/masks/tile_00062.tif
2025_Tile_Data/Only_PNG_Data/fp5/UAVSAR/tile_44_28.tif,2025_Tile_Data/Only_PNG_Data/fp5/flood_mask/tile_44_28.tif
milton/tiles/fp5/uavsar/tile_00009.tif,milton/tiles/fp5/masks/tile_00009.tif
2025_Tile_Data/Only_PNG_Data/fp6/UAVSAR/tile_28_26.tif,2025_Tile_Data/Only_PNG_Data/fp6/flood_mask/tile_28_26.tif
2025_Tile_Data/Only_PNG_Data/fp7/UAVSAR/tile_17_61.tif,2025_Tile_Data/Only_PNG_Data/fp7/flood_mask/tile_17_61.tif
2025_Tile_Data/Only_PNG_Data/fp5/UAVSAR/tile_47_35.tif,2025_Tile_Data/Only_PNG_Data/fp5/flood_mask/tile_47_35.tif
milton/tiles/fp1/uavsar/tile_00108.tif,milton/tiles/fp1/masks/tile_00108.tif
2025_Tile_Data/Only_PNG_Data/fp5/UAVSAR/tile_45_31.tif,2025_Tile_Data/Only_PNG_Data/fp5/flood_mask/tile_45_31.tif
milton/tiles/fp6/uavsar/tile_00146.tif,milton/tiles/fp6/masks/tile_00146.tif
milton/tiles/fp2/uavsar/tile_00103.tif,milton/tiles/fp2/masks/tile_00103.tif
milton/tiles/fp5/uavsar/tile_00040.tif,milton/tiles/fp5/masks/tile_00040.tif
2025_Tile_Data/Only_PNG_Data/fp3/UAVSAR/tile_24_26.tif,2025_Tile_Data/Only_PNG_Data/fp3/flood_mask/tile_24_26.tif
2025_Tile_Data/Only_PNG_Data/fp7/UAVSAR/tile_27_67.tif,2025_Tile_Data/Only_PNG_Data/fp7/flood_mask/tile_27_67.tif
2025_Tile_Data/Only_PNG_Data/fp6/UAVSAR/tile_39_32.tif,2025_Tile_Data/Only_PNG_Data/fp6/flood_mask/tile_39_32.tif
2025_Tile_Data/Only_PNG_Data/fp4/UAVSAR/tile_38_29.tif,2025_Tile_Data/Only_PNG_Data/fp4/flood_mask/tile_38_29.tif
milton/tiles/fp1/uavsar/tile_00172.tif,milton/tiles/fp1/masks/tile_00172.tif
milton/tiles/fp1/uavsar/tile_00134.tif,milton/tiles/fp1/masks/tile_00134.tif
2025_Tile_Data/Only_PNG_Data/fp2/UAVSAR/tile_16_45.tif,2025_Tile_Data/Only_PNG_Data/fp2/flood_mask/tile_16_45.tif
milton/tiles/fp2/uavsar/tile_00102.tif,milton/tiles/fp2/masks/tile_00102.tif
milton/tiles/fp3/uavsar/tile_00038.tif,milton/tiles/fp3/masks/tile_00038.tif
2025_Tile_Data/Only_PNG_Data/fp5/UAVSAR/tile_33_21.tif,2025_Tile_Data/Only_PNG_Data/fp5/flood_mask/tile_33_21.tif
milton/tiles/fp5/uavsar/tile_00004.tif,milton/tiles/fp5/masks/tile_00004.tif
milton/tiles/fp5/uavsar/tile_00029.tif,milton/tiles/fp5/masks/tile_00029.tif
milton/tiles/fp6/uavsar/tile_00161.tif,milton/tiles/fp6/masks/tile_00161.tif
milton/tiles/fp2/uavsar/tile_00112.tif,milton/tiles/fp2/masks/tile_00112.tif
milton/tiles/fp1/uavsar/tile_00117.tif,milton/tiles/fp1/masks/tile_00117.tif
2025_Tile_Data/Only_PNG_Data/fp7/UAVSAR/tile_29_69.tif,2025_Tile_Data/Only_PNG_Data/fp7/flood_mask/tile_29_69.tif
milton/tiles/fp4/uavsar/tile_00004.tif,milton/tiles/fp4/masks/tile_00004.tif
2025_Tile_Data/Only_PNG_Data/fp6/UAVSAR/tile_34_26.tif,2025_Tile_Data/Only_PNG_Data/fp6/flood_mask/tile_34_26.tif
2025_Tile_Data/Only_PNG_Data/fp7/UAVSAR/tile_28_69.tif,2025_Tile_Data/Only_PNG_Data/fp7/flood_mask/tile_28_69.tif
2025_Tile_Data/Only_PNG_Data/fp3/UAVSAR/tile_36_38.tif,2025_Tile_Data/Only_PNG_Data/fp3/flood_mask/tile_36_38.tif
2025_Tile_Data/Only_PNG_Data/fp2/UAVSAR/tile_34_45.tif,2025_Tile_Data/Only_PNG_Data/fp2/flood_mask/tile_34_45.tif
milton/tiles/fp3/uavsar/tile_00076.tif,milton/tiles/fp3/masks/tile_00076.tif
milton/tiles/fp2/uavsar/tile_00079.tif,milton/tiles/fp2/masks/tile_00079.tif
milton/tiles/fp6/uavsar/tile_00020.tif,milton/tiles/fp6/masks/tile_00020.tif
milton/tiles/fp3/uavsar/tile_00097.tif,milton/tiles/fp3/masks/tile_00097.tif
milton/tiles/fp6/uavsar/tile_00101.tif,milton/tiles/fp6/masks/tile_00101.tif
2025_Tile_Data/Only_PNG_Data/fp2/UAVSAR/tile_29_44.tif,2025_Tile_Data/Only_PNG_Data/fp2/flood_mask/tile_29_44.tif
2025_Tile_Data/Only_PNG_Data/fp6/UAVSAR/tile_30_21.tif,2025_Tile_Data/Only_PNG_Data/fp6/flood_mask/tile_30_21.tif
milton/tiles/fp5/uavsar/tile_00003.tif,milton/tiles/fp5/masks/tile_00003.tif
2025_Tile_Data/Only_PNG_Data/fp7/UAVSAR/tile_14_56.tif,2025_Tile_Data/Only_PNG_Data/fp7/flood_mask/tile_14_56.tif
milton/tiles/fp6/uavsar/tile_00060.tif,milton/tiles/fp6/masks/tile_00060.tif
2025_Tile_Data/Only_PNG_Data/fp6/UAVSAR/tile_36_27.tif,2025_Tile_Data/Only_PNG_Data/fp6/flood_mask/tile_36_27.tif
2025_Tile_Data/Only_PNG_Data/fp5/UAVSAR/tile_40_22.tif,2025_Tile_Data/Only_PNG_Data/fp5/flood_mask/tile_40_22.tif
milton/tiles/fp6/uavsar/tile_00135.tif,milton/tiles/fp6/masks/tile_00135.tif
milton/tiles/fp4/uavsar/tile_00043.tif,milton/tiles/fp4/masks/tile_00043.tif
2025_Tile_Data/Only_PNG_Data/fp6/UAVSAR/tile_29_22.tif,2025_Tile_Data/Only_PNG_Data/fp6/flood_mask/tile_29_22.tif
2025_Tile_Data/Only_PNG_Data/fp7/UAVSAR/tile_13_58.tif,2025_Tile_Data/Only_PNG_Data/fp7/flood_mask/tile_13_58.tif
2025_Tile_Data/Only_PNG_Data/fp4/UAVSAR/tile_37_29.tif,2025_Tile_Data/Only_PNG_Data/fp4/flood_mask/tile_37_29.tif
2025_Tile_Data/Only_PNG_Data/fp2/UAVSAR/tile_27_44.tif,2025_Tile_Data/Only_PNG_Data/fp2/flood_mask/tile_27_44.tif
2025_Tile_Data/Only_PNG_Data/fp4/UAVSAR/tile_44_33.tif,2025_Tile_Data/Only_PNG_Data/fp4/flood_mask/tile_44_33.tif
milton/tiles/fp6/uavsar/tile_00132.tif,milton/tiles/fp6/masks/tile_00132.tif
2025_Tile_Data/Only_PNG_Data/fp5/UAVSAR/tile_46_34.tif,2025_Tile_Data/Only_PNG_Data/fp5/flood_mask/tile_46_34.tif
2025_Tile_Data/Only_PNG_Data/fp6/UAVSAR/tile_35_29.tif,2025_Tile_Data/Only_PNG_Data/fp6/flood_mask/tile_35_29.tif
milton/tiles/fp1/uavsar/tile_00012.tif,milton/tiles/fp1/masks/tile_00012.tif
2025_Tile_Data/Only_PNG_Data/fp4/UAVSAR/tile_39_26.tif,2025_Tile_Data/Only_PNG_Data/fp4/flood_mask/tile_39_26.tif
2025_Tile_Data/Only_PNG_Data/fp4/UAVSAR/tile_44_32.tif,2025_Tile_Data/Only_PNG_Data/fp4/flood_mask/tile_44_32.tif
milton/tiles/fp1/uavsar/tile_00033.tif,milton/tiles/fp1/masks/tile_00033.tif
2025_Tile_Data/Only_PNG_Data/fp2/UAVSAR/tile_34_46.tif,2025_Tile_Data/Only_PNG_Data/fp2/flood_mask/tile_34_46.tif
2025_Tile_Data/Only_PNG_Data/fp6/UAVSAR/tile_43_38.tif,2025_Tile_Data/Only_PNG_Data/fp6/flood_mask/tile_43_38.tif
2025_Tile_Data/Only_PNG_Data/fp3/UAVSAR/tile_36_37.tif,2025_Tile_Data/Only_PNG_Data/fp3/flood_mask/tile_36_37.tif
milton/tiles/fp7/uavsar/tile_00000.tif,milton/tiles/fp7/masks/tile_00000.tif
milton/tiles/fp6/uavsar/tile_00033.tif,milton/tiles/fp6/masks/tile_00033.tif
2025_Tile_Data/Only_PNG_Data/fp5/UAVSAR/tile_32_15.tif,2025_Tile_Data/Only_PNG_Data/fp5/flood_mask/tile_32_15.tif
2025_Tile_Data/Only_PNG_Data/fp7/UAVSAR/tile_19_60.tif,2025_Tile_Data/Only_PNG_Data/fp7/flood_mask/tile_19_60.tif
2025_Tile_Data/Only_PNG_Data/fp6/UAVSAR/tile_30_23.tif,2025_Tile_Data/Only_PNG_Data/fp6/flood_mask/tile_30_23.tif
2025_Tile_Data/Only_PNG_Data/fp4/UAVSAR/tile_34_25.tif,2025_Tile_Data/Only_PNG_Data/fp4/flood_mask/tile_34_25.tif
2025_Tile_Data/Only_PNG_Data/fp2/UAVSAR/tile_27_46.tif,2025_Tile_Data/Only_PNG_Data/fp2/flood_mask/tile_27_46.tif
2025_Tile_Data/Only_PNG_Data/fp7/UAVSAR/tile_19_61.tif,2025_Tile_Data/Only_PNG_Data/fp7/flood_mask/tile_19_61.tif
2025_Tile_Data/Only_PNG_Data/fp4/UAVSAR/tile_34_20.tif,2025_Tile_Data/Only_PNG_Data/fp4/flood_mask/tile_34_20.tif
2025_Tile_Data/Only_PNG_Data/fp4/UAVSAR/tile_30_21.tif,2025_Tile_Data/Only_PNG_Data/fp4/flood_mask/tile_30_21.tif
milton/tiles/fp4/uavsar/tile_00031.tif,milton/tiles/fp4/masks/tile_00031.tif
2025_Tile_Data/Only_PNG_Data/fp4/UAVSAR/tile_28_21.tif,2025_Tile_Data/Only_PNG_Data/fp4/flood_mask/tile_28_21.tif
milton/tiles/fp4/uavsar/tile_00029.tif,milton/tiles/fp4/masks/tile_00029.tif
milton/tiles/fp2/uavsar/tile_00036.tif,milton/tiles/fp2/masks/tile_00036.tif
2025_Tile_Data/Only_PNG_Data/fp6/UAVSAR/tile_36_32.tif,2025_Tile_Data/Only_PNG_Data/fp6/flood_mask/tile_36_32.tif
2025_Tile_Data/Only_PNG_Data/fp3/UAVSAR/tile_34_36.tif,2025_Tile_Data/Only_PNG_Data/fp3/flood_mask/tile_34_36.tif
milton/tiles/fp4/uavsar/tile_00041.tif,milton/tiles/fp4/masks/tile_00041.tif
2025_Tile_Data/Only_PNG_Data/fp4/UAVSAR/tile_41_32.tif,2025_Tile_Data/Only_PNG_Data/fp4/flood_mask/tile_41_32.tif
2025_Tile_Data/Only_PNG_Data/fp6/UAVSAR/tile_37_34.tif,2025_Tile_Data/Only_PNG_Data/fp6/flood_mask/tile_37_34.tif
milton/tiles/fp3/uavsar/tile_00106.tif,milton/tiles/fp3/masks/tile_00106.tif
2025_Tile_Data/Only_PNG_Data/fp6/UAVSAR/tile_39_33.tif,2025_Tile_Data/Only_PNG_Data/fp6/flood_mask/tile_39_33.tif
2025_Tile_Data/Only_PNG_Data/fp5/UAVSAR/tile_47_33.tif,2025_Tile_Data/Only_PNG_Data/fp5/flood_mask/tile_47_33.tif
2025_Tile_Data/Only_PNG_Data/fp2/UAVSAR/tile_35_48.tif,2025_Tile_Data/Only_PNG_Data/fp2/flood_mask/tile_35_48.tif
2025_Tile_Data/Only_PNG_Data/fp3/UAVSAR/tile_41_43.tif,2025_Tile_Data/Only_PNG_Data/fp3/flood_mask/tile_41_43.tif
2025_Tile_Data/Only_PNG_Data/fp7/UAVSAR/tile_26_68.tif,2025_Tile_Data/Only_PNG_Data/fp7/flood_mask/tile_26_68.tif
2025_Tile_Data/Only_PNG_Data/fp4/UAVSAR/tile_26_20.tif,2025_Tile_Data/Only_PNG_Data/fp4/flood_mask/tile_26_20.tif
milton/tiles/fp2/uavsar/tile_00021.tif,milton/tiles/fp2/masks/tile_00021.tif
milton/tiles/fp2/uavsar/tile_00082.tif,milton/tiles/fp2/masks/tile_00082.tif
milton/tiles/fp3/uavsar/tile_00071.tif,milton/tiles/fp3/masks/tile_00071.tif
2025_Tile_Data/Only_PNG_Data/fp2/UAVSAR/tile_33_44.tif,2025_Tile_Data/Only_PNG_Data/fp2/flood_mask/tile_33_44.tif
milton/tiles/fp2/uavsar/tile_00007.tif,milton/tiles/fp2/masks/tile_00007.tif
2025_Tile_Data/Only_PNG_Data/fp4/UAVSAR/tile_27_17.tif,2025_Tile_Data/Only_PNG_Data/fp4/flood_mask/tile_27_17.tif
milton/tiles/fp4/uavsar/tile_00040.tif,milton/tiles/fp4/masks/tile_00040.tif
milton/tiles/fp6/uavsar/tile_00001.tif,milton/tiles/fp6/masks/tile_00001.tif
milton/tiles/fp5/uavsar/tile_00013.tif,milton/tiles/fp5/masks/tile_00013.tif
milton/tiles/fp2/uavsar/tile_00038.tif,milton/tiles/fp2/masks/tile_00038.tif
2025_Tile_Data/Only_PNG_Data/fp7/UAVSAR/tile_25_68.tif,2025_Tile_Data/Only_PNG_Data/fp7/flood_mask/tile_25_68.tif
milton/tiles/fp2/uavsar/tile_00019.tif,milton/tiles/fp2/masks/tile_00019.tif
2025_Tile_Data/Only_PNG_Data/fp7/UAVSAR/tile_31_72.tif,2025_Tile_Data/Only_PNG_Data/fp7/flood_mask/tile_31_72.tif
milton/tiles/fp6/uavsar/tile_00072.tif,milton/tiles/fp6/masks/tile_00072.tif
2025_Tile_Data/Only_PNG_Data/fp5/UAVSAR/tile_35_22.tif,2025_Tile_Data/Only_PNG_Data/fp5/flood_mask/tile_35_22.tif
2025_Tile_Data/Only_PNG_Data/fp3/UAVSAR/tile_42_40.tif,2025_Tile_Data/Only_PNG_Data/fp3/flood_mask/tile_42_40.tif
2025_Tile_Data/Only_PNG_Data/fp6/UAVSAR/tile_30_26.tif,2025_Tile_Data/Only_PNG_Data/fp6/flood_mask/tile_30_26.tif
2025_Tile_Data/Only_PNG_Data/fp2/UAVSAR/tile_17_45.tif,2025_Tile_Data/Only_PNG_Data/fp2/flood_mask/tile_17_45.tif
2025_Tile_Data/Only_PNG_Data/fp2/UAVSAR/tile_37_45.tif,2025_Tile_Data/Only_PNG_Data/fp2/flood_mask/tile_37_45.tif
2025_Tile_Data/Only_PNG_Data/fp5/UAVSAR/tile_39_24.tif,2025_Tile_Data/Only_PNG_Data/fp5/flood_mask/tile_39_24.tif
milton/tiles/fp5/uavsar/tile_00018.tif,milton/tiles/fp5/masks/tile_00018.tif
milton/tiles/fp6/uavsar/tile_00158.tif,milton/tiles/fp6/masks/tile_00158.tif
2025_Tile_Data/Only_PNG_Data/fp2/UAVSAR/tile_40_47.tif,2025_Tile_Data/Only_PNG_Data/fp2/flood_mask/tile_40_47.tif
milton/tiles/fp6/uavsar/tile_00042.tif,milton/tiles/fp6/masks/tile_00042.tif
milton/tiles/fp6/uavsar/tile_00003.tif,milton/tiles/fp6/masks/tile_00003.tif
milton/tiles/fp1/uavsar/tile_00105.tif,milton/tiles/fp1/masks/tile_00105.tif
2025_Tile_Data/Only_PNG_Data/fp5/UAVSAR/tile_36_19.tif,2025_Tile_Data/Only_PNG_Data/fp5/flood_mask/tile_36_19.tif
milton/tiles/fp3/uavsar/tile_00045.tif,milton/tiles/fp3/masks/tile_00045.tif
2025_Tile_Data/Only_PNG_Data/fp4/UAVSAR/tile_40_26.tif,2025_Tile_Data/Only_PNG_Data/fp4/flood_mask/tile_40_26.tif
2025_Tile_Data/Only_PNG_Data/fp6/UAVSAR/tile_33_26.tif,2025_Tile_Data/Only_PNG_Data/fp6/flood_mask/tile_33_26.tif
2025_Tile_Data/Only_PNG_Data/fp4/UAVSAR/tile_41_33.tif,2025_Tile_Data/Only_PNG_Data/fp4/flood_mask/tile_41_33.tif
milton/tiles/fp2/uavsar/tile_00128.tif,milton/tiles/fp2/masks/tile_00128.tif
2025_Tile_Data/Only_PNG_Data/fp5/UAVSAR/tile_40_28.tif,2025_Tile_Data/Only_PNG_Data/fp5/flood_mask/tile_40_28.tif
2025_Tile_Data/Only_PNG_Data/fp5/UAVSAR/tile_38_22.tif,2025_Tile_Data/Only_PNG_Data/fp5/flood_mask/tile_38_22.tif
milton/tiles/fp6/uavsar/tile_00163.tif,milton/tiles/fp6/masks/tile_00163.tif
milton/tiles/fp6/uavsar/tile_00041.tif,milton/tiles/fp6/masks/tile_00041.tif
2025_Tile_Data/Only_PNG_Data/fp3/UAVSAR/tile_36_35.tif,2025_Tile_Data/Only_PNG_Data/fp3/flood_mask/tile_36_35.tif
2025_Tile_Data/Only_PNG_Data/fp3/UAVSAR/tile_38_40.tif,2025_Tile_Data/Only_PNG_Data/fp3/flood_mask/tile_38_40.tif
milton/tiles/fp6/uavsar/tile_00152.tif,milton/tiles/fp6/masks/tile_00152.tif
2025_Tile_Data/Only_PNG_Data/fp3/UAVSAR/tile_43_41.tif,2025_Tile_Data/Only_PNG_Data/fp3/flood_mask/tile_43_41.tif
2025_Tile_Data/Only_PNG_Data/fp3/UAVSAR/tile_35_31.tif,2025_Tile_Data/Only_PNG_Data/fp3/flood_mask/tile_35_31.tif
2025_Tile_Data/Only_PNG_Data/fp5/UAVSAR/tile_45_29.tif,2025_Tile_Data/Only_PNG_Data/fp5/flood_mask/tile_45_29.tif
milton/tiles/fp2/uavsar/tile_00025.tif,milton/tiles/fp2/masks/tile_00025.tif
2025_Tile_Data/Only_PNG_Data/fp2/UAVSAR/tile_19_45.tif,2025_Tile_Data/Only_PNG_Data/fp2/flood_mask/tile_19_45.tif
milton/tiles/fp6/uavsar/tile_00043.tif,milton/tiles/fp6/masks/tile_00043.tif
milton/tiles/fp2/uavsar/tile_00142.tif,milton/tiles/fp2/masks/tile_00142.tif
2025_Tile_Data/Only_PNG_Data/fp5/UAVSAR/tile_46_28.tif,2025_Tile_Data/Only_PNG_Data/fp5/flood_mask/tile_46_28.tif
milton/tiles/fp2/uavsar/tile_00002.tif,milton/tiles/fp2/masks/tile_00002.tif
milton/tiles/fp5/uavsar/tile_00062.tif,milton/tiles/fp5/masks/tile_00062.tif
milton/tiles/fp6/uavsar/tile_00027.tif,milton/tiles/fp6/masks/tile_00027.tif
2025_Tile_Data/Only_PNG_Data/fp5/UAVSAR/tile_41_27.tif,2025_Tile_Data/Only_PNG_Data/fp5/flood_mask/tile_41_27.tif
2025_Tile_Data/Only_PNG_Data/fp6/UAVSAR/tile_40_35.tif,2025_Tile_Data/Only_PNG_Data/fp6/flood_mask/tile_40_35.tif
2025_Tile_Data/Only_PNG_Data/fp5/UAVSAR/tile_31_14.tif,2025_Tile_Data/Only_PNG_Data/fp5/flood_mask/tile_31_14.tif
milton/tiles/fp3/uavsar/tile_00116.tif,milton/tiles/fp3/masks/tile_00116.tif
2025_Tile_Data/Only_PNG_Data/fp6/UAVSAR/tile_35_27.tif,2025_Tile_Data/Only_PNG_Data/fp6/flood_mask/tile_35_27.tif
2025_Tile_Data/Only_PNG_Data/fp3/UAVSAR/tile_42_45.tif,2025_Tile_Data/Only_PNG_Data/fp3/flood_mask/tile_42_45.tif
milton/tiles/fp4/uavsar/tile_00014.tif,milton/tiles/fp4/masks/tile_00014.tif
milton/tiles/fp1/uavsar/tile_00106.tif,milton/tiles/fp1/masks/tile_00106.tif
2025_Tile_Data/Only_PNG_Data/fp4/UAVSAR/tile_42_30.tif,2025_Tile_Data/Only_PNG_Data/fp4/flood_mask/tile_42_30.tif
milton/tiles/fp1/uavsar/tile_00171.tif,milton/tiles/fp1/masks/tile_00171.tif
2025_Tile_Data/Only_PNG_Data/fp3/UAVSAR/tile_25_28.tif,2025_Tile_Data/Only_PNG_Data/fp3/flood_mask/tile_25_28.tif
2025_Tile_Data/Only_PNG_Data/fp3/UAVSAR/tile_33_35.tif,2025_Tile_Data/Only_PNG_Data/fp3/flood_mask/tile_33_35.tif
milton/tiles/fp2/uavsar/tile_00043.tif,milton/tiles/fp2/masks/tile_00043.tif
milton/tiles/fp3/uavsar/tile_00019.tif,milton/tiles/fp3/masks/tile_00019.tif
milton/tiles/fp1/uavsar/tile_00008.tif,milton/tiles/fp1/masks/tile_00008.tif
2025_Tile_Data/Only_PNG_Data/fp2/UAVSAR/tile_20_44.tif,2025_Tile_Data/Only_PNG_Data/fp2/flood_mask/tile_20_44.tif
2025_Tile_Data/Only_PNG_Data/fp3/UAVSAR/tile_25_26.tif,2025_Tile_Data/Only_PNG_Data/fp3/flood_mask/tile_25_26.tif
milton/tiles/fp5/uavsar/tile_00080.tif,milton/tiles/fp5/masks/tile_00080.tif
milton/tiles/fp1/uavsar/tile_00006.tif,milton/tiles/fp1/masks/tile_00006.tif
2025_Tile_Data/Only_PNG_Data/fp5/UAVSAR/tile_45_30.tif,2025_Tile_Data/Only_PNG_Data/fp5/flood_mask/tile_45_30.tif
milton/tiles/fp3/uavsar/tile_00068.tif,milton/tiles/fp3/masks/tile_00068.tif
2025_Tile_Data/Only_PNG_Data/fp3/UAVSAR/tile_42_41.tif,2025_Tile_Data/Only_PNG_Data/fp3/flood_mask/tile_42_41.tif
milton/tiles/fp6/uavsar/tile_00079.tif,milton/tiles/fp6/masks/tile_00079.tif
milton/tiles/fp6/uavsar/tile_00036.tif,milton/tiles/fp6/masks/tile_00036.tif
2025_Tile_Data/Only_PNG_Data/fp5/UAVSAR/tile_29_15.tif,2025_Tile_Data/Only_PNG_Data/fp5/flood_mask/tile_29_15.tif
2025_Tile_Data/Only_PNG_Data/fp6/UAVSAR/tile_25_23.tif,2025_Tile_Data/Only_PNG_Data/fp6/flood_mask/tile_25_23.tif
2025_Tile_Data/Only_PNG_Data/fp4/UAVSAR/tile_40_28.tif,2025_Tile_Data/Only_PNG_Data/fp4/flood_mask/tile_40_28.tif
2025_Tile_Data/Only_PNG_Data/fp5/UAVSAR/tile_35_20.tif,2025_Tile_Data/Only_PNG_Data/fp5/flood_mask/tile_35_20.tif
2025_Tile_Data/Only_PNG_Data/fp6/UAVSAR/tile_26_21.tif,2025_Tile_Data/Only_PNG_Data/fp6/flood_mask/tile_26_21.tif
milton/tiles/fp1/uavsar/tile_00140.tif,milton/tiles/fp1/masks/tile_00140.tif
milton/tiles/fp2/uavsar/tile_00047.tif,milton/tiles/fp2/masks/tile_00047.tif
milton/tiles/fp6/uavsar/tile_00065.tif,milton/tiles/fp6/masks/tile_00065.tif
milton/tiles/fp3/uavsar/tile_00093.tif,milton/tiles/fp3/masks/tile_00093.tif
2025_Tile_Data/Only_PNG_Data/fp7/UAVSAR/tile_22_63.tif,2025_Tile_Data/Only_PNG_Data/fp7/flood_mask/tile_22_63.tif
2025_Tile_Data/Only_PNG_Data/fp3/UAVSAR/tile_28_24.tif,2025_Tile_Data/Only_PNG_Data/fp3/flood_mask/tile_28_24.tif
milton/tiles/fp3/uavsar/tile_00015.tif,milton/tiles/fp3/masks/tile_00015.tif
2025_Tile_Data/Only_PNG_Data/fp2/UAVSAR/tile_34_48.tif,2025_Tile_Data/Only_PNG_Data/fp2/flood_mask/tile_34_48.tif
milton/tiles/fp2/uavsar/tile_00107.tif,milton/tiles/fp2/masks/tile_00107.tif
milton/tiles/fp2/uavsar/tile_00075.tif,milton/tiles/fp2/masks/tile_00075.tif
2025_Tile_Data/Only_PNG_Data/fp5/UAVSAR/tile_31_18.tif,2025_Tile_Data/Only_PNG_Data/fp5/flood_mask/tile_31_18.tif
milton/tiles/fp2/uavsar/tile_00056.tif,milton/tiles/fp2/masks/tile_00056.tif
2025_Tile_Data/Only_PNG_Data/fp3/UAVSAR/tile_39_42.tif,2025_Tile_Data/Only_PNG_Data/fp3/flood_mask/tile_39_42.tif
2025_Tile_Data/Only_PNG_Data/fp7/UAVSAR/tile_15_59.tif,2025_Tile_Data/Only_PNG_Data/fp7/flood_mask/tile_15_59.tif
2025_Tile_Data/Only_PNG_Data/fp4/UAVSAR/tile_48_33.tif,2025_Tile_Data/Only_PNG_Data/fp4/flood_mask/tile_48_33.tif
2025_Tile_Data/Only_PNG_Data/fp3/UAVSAR/tile_22_25.tif,2025_Tile_Data/Only_PNG_Data/fp3/flood_mask/tile_22_25.tif
milton/tiles/fp2/uavsar/tile_00108.tif,milton/tiles/fp2/masks/tile_00108.tif
2025_Tile_Data/Only_PNG_Data/fp3/UAVSAR/tile_23_25.tif,2025_Tile_Data/Only_PNG_Data/fp3/flood_mask/tile_23_25.tif
2025_Tile_Data/Only_PNG_Data/fp4/UAVSAR/tile_36_22.tif,2025_Tile_Data/Only_PNG_Data/fp4/flood_mask/tile_36_22.tif
2025_Tile_Data/Only_PNG_Data/fp3/UAVSAR/tile_27_28.tif,2025_Tile_Data/Only_PNG_Data/fp3/flood_mask/tile_27_28.tif
milton/tiles/fp1/uavsar/tile_00110.tif,milton/tiles/fp1/masks/tile_00110.tif
2025_Tile_Data/Only_PNG_Data/fp2/UAVSAR/tile_42_48.tif,2025_Tile_Data/Only_PNG_Data/fp2/flood_mask/tile_42_48.tif
2025_Tile_Data/Only_PNG_Data/fp4/UAVSAR/tile_29_19.tif,2025_Tile_Data/Only_PNG_Data/fp4/flood_mask/tile_29_19.tif
milton/tiles/fp1/uavsar/tile_00157.tif,milton/tiles/fp1/masks/tile_00157.tif
milton/tiles/fp1/uavsar/tile_00099.tif,milton/tiles/fp1/masks/tile_00099.tif
milton/tiles/fp1/uavsar/tile_00046.tif,milton/tiles/fp1/masks/tile_00046.tif
milton/tiles/fp2/uavsar/tile_00086.tif,milton/tiles/fp2/masks/tile_00086.tif
2025_Tile_Data/Only_PNG_Data/fp2/UAVSAR/tile_40_45.tif,2025_Tile_Data/Only_PNG_Data/fp2/flood_mask/tile_40_45.tif
2025_Tile_Data/Only_PNG_Data/fp2/UAVSAR/tile_42_49.tif,2025_Tile_Data/Only_PNG_Data/fp2/flood_mask/tile_42_49.tif
2025_Tile_Data/Only_PNG_Data/fp5/UAVSAR/tile_50_32.tif,2025_Tile_Data/Only_PNG_Data/fp5/flood_mask/tile_50_32.tif
milton/tiles/fp5/uavsar/tile_00010.tif,milton/tiles/fp5/masks/tile_00010.tif
milton/tiles/fp2/uavsar/tile_00000.tif,milton/tiles/fp2/masks/tile_00000.tif
milton/tiles/fp2/uavsar/tile_00076.tif,milton/tiles/fp2/masks/tile_00076.tif
2025_Tile_Data/Only_PNG_Data/fp2/UAVSAR/tile_43_46.tif,2025_Tile_Data/Only_PNG_Data/fp2/flood_mask/tile_43_46.tif
2025_Tile_Data/Only_PNG_Data/fp4/UAVSAR/tile_43_31.tif,2025_Tile_Data/Only_PNG_Data/fp4/flood_mask/tile_43_31.tif
2025_Tile_Data/Only_PNG_Data/fp5/UAVSAR/tile_44_30.tif,2025_Tile_Data/Only_PNG_Data/fp5/flood_mask/tile_44_30.tif
2025_Tile_Data/Only_PNG_Data/fp4/UAVSAR/tile_36_30.tif,2025_Tile_Data/Only_PNG_Data/fp4/flood_mask/tile_36_30.tif
2025_Tile_Data/Only_PNG_Data/fp4/UAVSAR/tile_28_22.tif,2025_Tile_Data/Only_PNG_Data/fp4/flood_mask/tile_28_22.tif
milton/tiles/fp1/uavsar/tile_00066.tif,milton/tiles/fp1/masks/tile_00066.tif
milton/tiles/fp3/uavsar/tile_00102.tif,milton/tiles/fp3/masks/tile_00102.tif
milton/tiles/fp2/uavsar/tile_00028.tif,milton/tiles/fp2/masks/tile_00028.tif
milton/tiles/fp5/uavsar/tile_00073.tif,milton/tiles/fp5/masks/tile_00073.tif
2025_Tile_Data/Only_PNG_Data/fp5/UAVSAR/tile_41_28.tif,2025_Tile_Data/Only_PNG_Data/fp5/flood_mask/tile_41_28.tif
milton/tiles/fp1/uavsar/tile_00001.tif,milton/tiles/fp1/masks/tile_00001.tif
2025_Tile_Data/Only_PNG_Data/fp5/UAVSAR/tile_36_22.tif,2025_Tile_Data/Only_PNG_Data/fp5/flood_mask/tile_36_22.tif
2025_Tile_Data/Only_PNG_Data/fp6/UAVSAR/tile_45_38.tif,2025_Tile_Data/Only_PNG_Data/fp6/flood_mask/tile_45_38.tif
2025_Tile_Data/Only_PNG_Data/fp2/UAVSAR/tile_17_42.tif,2025_Tile_Data/Only_PNG_Data/fp2/flood_mask/tile_17_42.tif
2025_Tile_Data/Only_PNG_Data/fp6/UAVSAR/tile_42_39.tif,2025_Tile_Data/Only_PNG_Data/fp6/flood_mask/tile_42_39.tif
2025_Tile_Data/Only_PNG_Data/fp4/UAVSAR/tile_31_18.tif,2025_Tile_Data/Only_PNG_Data/fp4/flood_mask/tile_31_18.tif
milton/tiles/fp7/uavsar/tile_00013.tif,milton/tiles/fp7/masks/tile_00013.tif
milton/tiles/fp6/uavsar/tile_00089.tif,milton/tiles/fp6/masks/tile_00089.tif
2025_Tile_Data/Only_PNG_Data/fp4/UAVSAR/tile_42_31.tif,2025_Tile_Data/Only_PNG_Data/fp4/flood_mask/tile_42_31.tif
milton/tiles/fp1/uavsar/tile_00055.tif,milton/tiles/fp1/masks/tile_00055.tif
milton/tiles/fp5/uavsar/tile_00034.tif,milton/tiles/fp5/masks/tile_00034.tif
2025_Tile_Data/Only_PNG_Data/fp7/UAVSAR/tile_17_57.tif,2025_Tile_Data/Only_PNG_Data/fp7/flood_mask/tile_17_57.tif
2025_Tile_Data/Only_PNG_Data/fp4/UAVSAR/tile_31_21.tif,2025_Tile_Data/Only_PNG_Data/fp4/flood_mask/tile_31_21.tif
2025_Tile_Data/Only_PNG_Data/fp5/UAVSAR/tile_28_15.tif,2025_Tile_Data/Only_PNG_Data/fp5/flood_mask/tile_28_15.tif
milton/tiles/fp7/uavsar/tile_00021.tif,milton/tiles/fp7/masks/tile_00021.tif
2025_Tile_Data/Only_PNG_Data/fp2/UAVSAR/tile_23_43.tif,2025_Tile_Data/Only_PNG_Data/fp2/flood_mask/tile_23_43.tif
milton/tiles/fp1/uavsar/tile_00177.tif,milton/tiles/fp1/masks/tile_00177.tif
milton/tiles/fp3/uavsar/tile_00082.tif,milton/tiles/fp3/masks/tile_00082.tif
2025_Tile_Data/Only_PNG_Data/fp2/UAVSAR/tile_40_46.tif,2025_Tile_Data/Only_PNG_Data/fp2/flood_mask/tile_40_46.tif
2025_Tile_Data/Only_PNG_Data/fp3/UAVSAR/tile_32_35.tif,2025_Tile_Data/Only_PNG_Data/fp3/flood_mask/tile_32_35.tif
milton/tiles/fp2/uavsar/tile_00017.tif,milton/tiles/fp2/masks/tile_00017.tif
2025_Tile_Data/Only_PNG_Data/fp7/UAVSAR/tile_32_70.tif,2025_Tile_Data/Only_PNG_Data/fp7/flood_mask/tile_32_70.tif
2025_Tile_Data/Only_PNG_Data/fp3/UAVSAR/tile_26_25.tif,2025_Tile_Data/Only_PNG_Data/fp3/flood_mask/tile_26_25.tif
2025_Tile_Data/Only_PNG_Data/fp5/UAVSAR/tile_32_18.tif,2025_Tile_Data/Only_PNG_Data/fp5/flood_mask/tile_32_18.tif
milton/tiles/fp1/uavsar/tile_00017.tif,milton/tiles/fp1/masks/tile_00017.tif
milton/tiles/fp5/uavsar/tile_00036.tif,milton/tiles/fp5/masks/tile_00036.tif
2025_Tile_Data/Only_PNG_Data/fp4/UAVSAR/tile_35_25.tif,2025_Tile_Data/Only_PNG_Data/fp4/flood_mask/tile_35_25.tif
milton/tiles/fp6/uavsar/tile_00050.tif,milton/tiles/fp6/masks/tile_00050.tif
2025_Tile_Data/Only_PNG_Data/fp3/UAVSAR/tile_44_44.tif,2025_Tile_Data/Only_PNG_Data/fp3/flood_mask/tile_44_44.tif
2025_Tile_Data/Only_PNG_Data/fp7/UAVSAR/tile_34_73.tif,2025_Tile_Data/Only_PNG_Data/fp7/flood_mask/tile_34_73.tif
milton/tiles/fp6/uavsar/tile_00147.tif,milton/tiles/fp6/masks/tile_00147.tif
milton/tiles/fp5/uavsar/tile_00024.tif,milton/tiles/fp5/masks/tile_00024.tif
2025_Tile_Data/Only_PNG_Data/fp4/UAVSAR/tile_37_26.tif,2025_Tile_Data/Only_PNG_Data/fp4/flood_mask/tile_37_26.tif
2025_Tile_Data/Only_PNG_Data/fp5/UAVSAR/tile_32_16.tif,2025_Tile_Data/Only_PNG_Data/fp5/flood_mask/tile_32_16.tif
2025_Tile_Data/Only_PNG_Data/fp3/UAVSAR/tile_36_39.tif,2025_Tile_Data/Only_PNG_Data/fp3/flood_mask/tile_36_39.tif
2025_Tile_Data/Only_PNG_Data/fp6/UAVSAR/tile_32_24.tif,2025_Tile_Data/Only_PNG_Data/fp6/flood_mask/tile_32_24.tif
2025_Tile_Data/Only_PNG_Data/fp7/UAVSAR/tile_15_57.tif,2025_Tile_Data/Only_PNG_Data/fp7/flood_mask/tile_15_57.tif
2025_Tile_Data/Only_PNG_Data/fp2/UAVSAR/tile_44_46.tif,2025_Tile_Data/Only_PNG_Data/fp2/flood_mask/tile_44_46.tif
2025_Tile_Data/Only_PNG_Data/fp3/UAVSAR/tile_33_31.tif,2025_Tile_Data/Only_PNG_Data/fp3/flood_mask/tile_33_31.tif
milton/tiles/fp3/uavsar/tile_00070.tif,milton/tiles/fp3/masks/tile_00070.tif
milton/tiles/fp3/uavsar/tile_00085.tif,milton/tiles/fp3/masks/tile_00085.tif
milton/tiles/fp4/uavsar/tile_00002.tif,milton/tiles/fp4/masks/tile_00002.tif
2025_Tile_Data/Only_PNG_Data/fp2/UAVSAR/tile_41_47.tif,2025_Tile_Data/Only_PNG_Data/fp2/flood_mask/tile_41_47.tif
milton/tiles/fp1/uavsar/tile_00026.tif,milton/tiles/fp1/masks/tile_00026.tif
2025_Tile_Data/Only_PNG_Data/fp7/UAVSAR/tile_18_62.tif,2025_Tile_Data/Only_PNG_Data/fp7/flood_mask/tile_18_62.tif
2025_Tile_Data/Only_PNG_Data/fp7/UAVSAR/tile_24_64.tif,2025_Tile_Data/Only_PNG_Data/fp7/flood_mask/tile_24_64.tif
2025_Tile_Data/Only_PNG_Data/fp6/UAVSAR/tile_36_33.tif,2025_Tile_Data/Only_PNG_Data/fp6/flood_mask/tile_36_33.tif
2025_Tile_Data/Only_PNG_Data/fp7/UAVSAR/tile_27_66.tif,2025_Tile_Data/Only_PNG_Data/fp7/flood_mask/tile_27_66.tif
milton/tiles/fp3/uavsar/tile_00096.tif,milton/tiles/fp3/masks/tile_00096.tif
milton/tiles/fp6/uavsar/tile_00156.tif,milton/tiles/fp6/masks/tile_00156.tif
2025_Tile_Data/Only_PNG_Data/fp3/UAVSAR/tile_31_34.tif,2025_Tile_Data/Only_PNG_Data/fp3/flood_mask/tile_31_34.tif
2025_Tile_Data/Only_PNG_Data/fp4/UAVSAR/tile_37_23.tif,2025_Tile_Data/Only_PNG_Data/fp4/flood_mask/tile_37_23.tif
2025_Tile_Data/Only_PNG_Data/fp7/UAVSAR/tile_17_58.tif,2025_Tile_Data/Only_PNG_Data/fp7/flood_mask/tile_17_58.tif
milton/tiles/fp5/uavsar/tile_00028.tif,milton/tiles/fp5/masks/tile_00028.tif
2025_Tile_Data/Only_PNG_Data/fp5/UAVSAR/tile_30_18.tif,2025_Tile_Data/Only_PNG_Data/fp5/flood_mask/tile_30_18.tif
milton/tiles/fp1/uavsar/tile_00038.tif,milton/tiles/fp1/masks/tile_00038.tif
milton/tiles/fp2/uavsar/tile_00070.tif,milton/tiles/fp2/masks/tile_00070.tif
milton/tiles/fp2/uavsar/tile_00059.tif,milton/tiles/fp2/masks/tile_00059.tif
2025_Tile_Data/Only_PNG_Data/fp3/UAVSAR/tile_42_44.tif,2025_Tile_Data/Only_PNG_Data/fp3/flood_mask/tile_42_44.tif
milton/tiles/fp6/uavsar/tile_00107.tif,milton/tiles/fp6/masks/tile_00107.tif
2025_Tile_Data/Only_PNG_Data/fp4/UAVSAR/tile_42_32.tif,2025_Tile_Data/Only_PNG_Data/fp4/flood_mask/tile_42_32.tif
milton/tiles/fp1/uavsar/tile_00064.tif,milton/tiles/fp1/masks/tile_00064.tif
milton/tiles/fp3/uavsar/tile_00117.tif,milton/tiles/fp3/masks/tile_00117.tif
2025_Tile_Data/Only_PNG_Data/fp5/UAVSAR/tile_39_28.tif,2025_Tile_Data/Only_PNG_Data/fp5/flood_mask/tile_39_28.tif
2025_Tile_Data/Only_PNG_Data/fp5/UAVSAR/tile_29_14.tif,2025_Tile_Data/Only_PNG_Data/fp5/flood_mask/tile_29_14.tif
milton/tiles/fp1/uavsar/tile_00122.tif,milton/tiles/fp1/masks/tile_00122.tif
milton/tiles/fp5/uavsar/tile_00047.tif,milton/tiles/fp5/masks/tile_00047.tif
2025_Tile_Data/Only_PNG_Data/fp6/UAVSAR/tile_29_26.tif,2025_Tile_Data/Only_PNG_Data/fp6/flood_mask/tile_29_26.tif
2025_Tile_Data/Only_PNG_Data/fp2/UAVSAR/tile_31_44.tif,2025_Tile_Data/Only_PNG_Data/fp2/flood_mask/tile_31_44.tif
2025_Tile_Data/Only_PNG_Data/fp3/UAVSAR/tile_18_21.tif,2025_Tile_Data/Only_PNG_Data/fp3/flood_mask/tile_18_21.tif
2025_Tile_Data/Only_PNG_Data/fp4/UAVSAR/tile_45_36.tif,2025_Tile_Data/Only_PNG_Data/fp4/flood_mask/tile_45_36.tif
2025_Tile_Data/Only_PNG_Data/fp2/UAVSAR/tile_43_47.tif,2025_Tile_Data/Only_PNG_Data/fp2/flood_mask/tile_43_47.tif
milton/tiles/fp3/uavsar/tile_00039.tif,milton/tiles/fp3/masks/tile_00039.tif
milton/tiles/fp5/uavsar/tile_00027.tif,milton/tiles/fp5/masks/tile_00027.tif
2025_Tile_Data/Only_PNG_Data/fp3/UAVSAR/tile_25_23.tif,2025_Tile_Data/Only_PNG_Data/fp3/flood_mask/tile_25_23.tif
2025_Tile_Data/Only_PNG_Data/fp2/UAVSAR/tile_19_43.tif,2025_Tile_Data/Only_PNG_Data/fp2/flood_mask/tile_19_43.tif
milton/tiles/fp7/uavsar/tile_00008.tif,milton/tiles/fp7/masks/tile_00008.tif
milton/tiles/fp2/uavsar/tile_00095.tif,milton/tiles/fp2/masks/tile_00095.tif
2025_Tile_Data/Only_PNG_Data/fp4/UAVSAR/tile_46_31.tif,2025_Tile_Data/Only_PNG_Data/fp4/flood_mask/tile_46_31.tif
milton/tiles/fp2/uavsar/tile_00024.tif,milton/tiles/fp2/masks/tile_00024.tif
milton/tiles/fp2/uavsar/tile_00094.tif,milton/tiles/fp2/masks/tile_00094.tif
2025_Tile_Data/Only_PNG_Data/fp2/UAVSAR/tile_25_47.tif,2025_Tile_Data/Only_PNG_Data/fp2/flood_mask/tile_25_47.tif
2025_Tile_Data/Only_PNG_Data/fp6/UAVSAR/tile_31_30.tif,2025_Tile_Data/Only_PNG_Data/fp6/flood_mask/tile_31_30.tif
2025_Tile_Data/Only_PNG_Data/fp2/UAVSAR/tile_45_48.tif,2025_Tile_Data/Only_PNG_Data/fp2/flood_mask/tile_45_48.tif
2025_Tile_Data/Only_PNG_Data/fp4/UAVSAR/tile_44_37.tif,2025_Tile_Data/Only_PNG_Data/fp4/flood_mask/tile_44_37.tif
2025_Tile_Data/Only_PNG_Data/fp5/UAVSAR/tile_32_14.tif,2025_Tile_Data/Only_PNG_Data/fp5/flood_mask/tile_32_14.tif
2025_Tile_Data/Only_PNG_Data/fp3/UAVSAR/tile_40_37.tif,2025_Tile_Data/Only_PNG_Data/fp3/flood_mask/tile_40_37.tif
2025_Tile_Data/Only_PNG_Data/fp7/UAVSAR/tile_35_75.tif,2025_Tile_Data/Only_PNG_Data/fp7/flood_mask/tile_35_75.tif
milton/tiles/fp1/uavsar/tile_00129.tif,milton/tiles/fp1/masks/tile_00129.tif
2025_Tile_Data/Only_PNG_Data/fp7/UAVSAR/tile_30_69.tif,2025_Tile_Data/Only_PNG_Data/fp7/flood_mask/tile_30_69.tif
2025_Tile_Data/Only_PNG_Data/fp6/UAVSAR/tile_41_35.tif,2025_Tile_Data/Only_PNG_Data/fp6/flood_mask/tile_41_35.tif
milton/tiles/fp7/uavsar/tile_00012.tif,milton/tiles/fp7/masks/tile_00012.tif
milton/tiles/fp3/uavsar/tile_00122.tif,milton/tiles/fp3/masks/tile_00122.tif
milton/tiles/fp6/uavsar/tile_00064.tif,milton/tiles/fp6/masks/tile_00064.tif
2025_Tile_Data/Only_PNG_Data/fp5/UAVSAR/tile_48_34.tif,2025_Tile_Data/Only_PNG_Data/fp5/flood_mask/tile_48_34.tif
milton/tiles/fp5/uavsar/tile_00038.tif,milton/tiles/fp5/masks/tile_00038.tif
2025_Tile_Data/Only_PNG_Data/fp4/UAVSAR/tile_39_29.tif,2025_Tile_Data/Only_PNG_Data/fp4/flood_mask/tile_39_29.tif
milton/tiles/fp4/uavsar/tile_00035.tif,milton/tiles/fp4/masks/tile_00035.tif
milton/tiles/fp6/uavsar/tile_00008.tif,milton/tiles/fp6/masks/tile_00008.tif
2025_Tile_Data/Only_PNG_Data/fp4/UAVSAR/tile_41_35.tif,2025_Tile_Data/Only_PNG_Data/fp4/flood_mask/tile_41_35.tif
2025_Tile_Data/Only_PNG_Data/fp7/UAVSAR/tile_24_63.tif,2025_Tile_Data/Only_PNG_Data/fp7/flood_mask/tile_24_63.tif
milton/tiles/fp2/uavsar/tile_00132.tif,milton/tiles/fp2/masks/tile_00132.tif
milton/tiles/fp1/uavsar/tile_00150.tif,milton/tiles/fp1/masks/tile_00150.tif
milton/tiles/fp6/uavsar/tile_00075.tif,milton/tiles/fp6/masks/tile_00075.tif
2025_Tile_Data/Only_PNG_Data/fp4/UAVSAR/tile_31_19.tif,2025_Tile_Data/Only_PNG_Data/fp4/flood_mask/tile_31_19.tif
milton/tiles/fp2/uavsar/tile_00015.tif,milton/tiles/fp2/masks/tile_00015.tif
milton/tiles/fp1/uavsar/tile_00043.tif,milton/tiles/fp1/masks/tile_00043.tif
milton/tiles/fp3/uavsar/tile_00098.tif,milton/tiles/fp3/masks/tile_00098.tif
2025_Tile_Data/Only_PNG_Data/fp3/UAVSAR/tile_41_44.tif,2025_Tile_Data/Only_PNG_Data/fp3/flood_mask/tile_41_44.tif
2025_Tile_Data/Only_PNG_Data/fp3/UAVSAR/tile_41_39.tif,2025_Tile_Data/Only_PNG_Data/fp3/flood_mask/tile_41_39.tif
milton/tiles/fp1/uavsar/tile_00160.tif,milton/tiles/fp1/masks/tile_00160.tif
2025_Tile_Data/Only_PNG_Data/fp3/UAVSAR/tile_23_26.tif,2025_Tile_Data/Only_PNG_Data/fp3/flood_mask/tile_23_26.tif
milton/tiles/fp1/uavsar/tile_00065.tif,milton/tiles/fp1/masks/tile_00065.tif
milton/tiles/fp5/uavsar/tile_00076.tif,milton/tiles/fp5/masks/tile_00076.tif
2025_Tile_Data/Only_PNG_Data/fp3/UAVSAR/tile_29_25.tif,2025_Tile_Data/Only_PNG_Data/fp3/flood_mask/tile_29_25.tif
milton/tiles/fp6/uavsar/tile_00144.tif,milton/tiles/fp6/masks/tile_00144.tif
milton/tiles/fp6/uavsar/tile_00085.tif,milton/tiles/fp6/masks/tile_00085.tif
2025_Tile_Data/Only_PNG_Data/fp5/UAVSAR/tile_30_14.tif,2025_Tile_Data/Only_PNG_Data/fp5/flood_mask/tile_30_14.tif
2025_Tile_Data/Only_PNG_Data/fp2/UAVSAR/tile_43_45.tif,2025_Tile_Data/Only_PNG_Data/fp2/flood_mask/tile_43_45.tif
2025_Tile_Data/Only_PNG_Data/fp5/UAVSAR/tile_29_17.tif,2025_Tile_Data/Only_PNG_Data/fp5/flood_mask/tile_29_17.tif
2025_Tile_Data/Only_PNG_Data/fp5/UAVSAR/tile_47_31.tif,2025_Tile_Data/Only_PNG_Data/fp5/flood_mask/tile_47_31.tif
2025_Tile_Data/Only_PNG_Data/fp6/UAVSAR/tile_39_30.tif,2025_Tile_Data/Only_PNG_Data/fp6/flood_mask/tile_39_30.tif
2025_Tile_Data/Only_PNG_Data/fp3/UAVSAR/tile_37_40.tif,2025_Tile_Data/Only_PNG_Data/fp3/flood_mask/tile_37_40.tif
2025_Tile_Data/Only_PNG_Data/fp2/UAVSAR/tile_25_43.tif,2025_Tile_Data/Only_PNG_Data/fp2/flood_mask/tile_25_43.tif
milton/tiles/fp1/uavsar/tile_00070.tif,milton/tiles/fp1/masks/tile_00070.tif
2025_Tile_Data/Only_PNG_Data/fp6/UAVSAR/tile_28_21.tif,2025_Tile_Data/Only_PNG_Data/fp6/flood_mask/tile_28_21.tif
milton/tiles/fp2/uavsar/tile_00116.tif,milton/tiles/fp2/masks/tile_00116.tif
2025_Tile_Data/Only_PNG_Data/fp2/UAVSAR/tile_16_43.tif,2025_Tile_Data/Only_PNG_Data/fp2/flood_mask/tile_16_43.tif
milton/tiles/fp1/uavsar/tile_00156.tif,milton/tiles/fp1/masks/tile_00156.tif
milton/tiles/fp1/uavsar/tile_00174.tif,milton/tiles/fp1/masks/tile_00174.tif
2025_Tile_Data/Only_PNG_Data/fp4/UAVSAR/tile_30_19.tif,2025_Tile_Data/Only_PNG_Data/fp4/flood_mask/tile_30_19.tif
2025_Tile_Data/Only_PNG_Data/fp6/UAVSAR/tile_41_36.tif,2025_Tile_Data/Only_PNG_Data/fp6/flood_mask/tile_41_36.tif
milton/tiles/fp6/uavsar/tile_00054.tif,milton/tiles/fp6/masks/tile_00054.tif
milton/tiles/fp7/uavsar/tile_00014.tif,milton/tiles/fp7/masks/tile_00014.tif
milton/tiles/fp6/uavsar/tile_00111.tif,milton/tiles/fp6/masks/tile_00111.tif
milton/tiles/fp6/uavsar/tile_00019.tif,milton/tiles/fp6/masks/tile_00019.tif
milton/tiles/fp3/uavsar/tile_00055.tif,milton/tiles/fp3/masks/tile_00055.tif
2025_Tile_Data/Only_PNG_Data/fp5/UAVSAR/tile_45_27.tif,2025_Tile_Data/Only_PNG_Data/fp5/flood_mask/tile_45_27.tif
milton/tiles/fp3/uavsar/tile_00027.tif,milton/tiles/fp3/masks/tile_00027.tif
2025_Tile_Data/Only_PNG_Data/fp3/UAVSAR/tile_36_32.tif,2025_Tile_Data/Only_PNG_Data/fp3/flood_mask/tile_36_32.tif
milton/tiles/fp1/uavsar/tile_00109.tif,milton/tiles/fp1/masks/tile_00109.tif
2025_Tile_Data/Only_PNG_Data/fp4/UAVSAR/tile_34_23.tif,2025_Tile_Data/Only_PNG_Data/fp4/flood_mask/tile_34_23.tif
milton/tiles/fp1/uavsar/tile_00095.tif,milton/tiles/fp1/masks/tile_00095.tif
2025_Tile_Data/Only_PNG_Data/fp5/UAVSAR/tile_36_18.tif,2025_Tile_Data/Only_PNG_Data/fp5/flood_mask/tile_36_18.tif
milton/tiles/fp5/uavsar/tile_00051.tif,milton/tiles/fp5/masks/tile_00051.tif
milton/tiles/fp5/uavsar/tile_00056.tif,milton/tiles/fp5/masks/tile_00056.tif
2025_Tile_Data/Only_PNG_Data/fp2/UAVSAR/tile_17_44.tif,2025_Tile_Data/Only_PNG_Data/fp2/flood_mask/tile_17_44.tif
2025_Tile_Data/Only_PNG_Data/fp7/UAVSAR/tile_37_75.tif,2025_Tile_Data/Only_PNG_Data/fp7/flood_mask/tile_37_75.tif
2025_Tile_Data/Only_PNG_Data/fp4/UAVSAR/tile_29_20.tif,2025_Tile_Data/Only_PNG_Data/fp4/flood_mask/tile_29_20.tif
2025_Tile_Data/Only_PNG_Data/fp7/UAVSAR/tile_28_70.tif,2025_Tile_Data/Only_PNG_Data/fp7/flood_mask/tile_28_70.tif
2025_Tile_Data/Only_PNG_Data/fp5/UAVSAR/tile_43_31.tif,2025_Tile_Data/Only_PNG_Data/fp5/flood_mask/tile_43_31.tif
milton/tiles/fp7/uavsar/tile_00038.tif,milton/tiles/fp7/masks/tile_00038.tif
milton/tiles/fp6/uavsar/tile_00165.tif,milton/tiles/fp6/masks/tile_00165.tif
milton/tiles/fp3/uavsar/tile_00059.tif,milton/tiles/fp3/masks/tile_00059.tif
milton/tiles/fp6/uavsar/tile_00116.tif,milton/tiles/fp6/masks/tile_00116.tif
milton/tiles/fp6/uavsar/tile_00021.tif,milton/tiles/fp6/masks/tile_00021.tif
milton/tiles/fp1/uavsar/tile_00169.tif,milton/tiles/fp1/masks/tile_00169.tif
milton/tiles/fp4/uavsar/tile_00019.tif,milton/tiles/fp4/masks/tile_00019.tif
2025_Tile_Data/Only_PNG_Data/fp3/UAVSAR/tile_38_38.tif,2025_Tile_Data/Only_PNG_Data/fp3/flood_mask/tile_38_38.tif
milton/tiles/fp5/uavsar/tile_00054.tif,milton/tiles/fp5/masks/tile_00054.tif
milton/tiles/fp6/uavsar/tile_00051.tif,milton/tiles/fp6/masks/tile_00051.tif
2025_Tile_Data/Only_PNG_Data/fp2/UAVSAR/tile_21_44.tif,2025_Tile_Data/Only_PNG_Data/fp2/flood_mask/tile_21_44.tif
milton/tiles/fp2/uavsar/tile_00023.tif,milton/tiles/fp2/masks/tile_00023.tif
2025_Tile_Data/Only_PNG_Data/fp5/UAVSAR/tile_32_21.tif,2025_Tile_Data/Only_PNG_Data/fp5/flood_mask/tile_32_21.tif
milton/tiles/fp1/uavsar/tile_00153.tif,milton/tiles/fp1/masks/tile_00153.tif
milton/tiles/fp1/uavsar/tile_00028.tif,milton/tiles/fp1/masks/tile_00028.tif
milton/tiles/fp2/uavsar/tile_00110.tif,milton/tiles/fp2/masks/tile_00110.tif
2025_Tile_Data/Only_PNG_Data/fp6/UAVSAR/tile_43_36.tif,2025_Tile_Data/Only_PNG_Data/fp6/flood_mask/tile_43_36.tif
2025_Tile_Data/Only_PNG_Data/fp6/UAVSAR/tile_44_35.tif,2025_Tile_Data/Only_PNG_Data/fp6/flood_mask/tile_44_35.tif
2025_Tile_Data/Only_PNG_Data/fp2/UAVSAR/tile_45_47.tif,2025_Tile_Data/Only_PNG_Data/fp2/flood_mask/tile_45_47.tif
milton/tiles/fp2/uavsar/tile_00111.tif,milton/tiles/fp2/masks/tile_00111.tif
milton/tiles/fp7/uavsar/tile_00024.tif,milton/tiles/fp7/masks/tile_00024.tif
milton/tiles/fp4/uavsar/tile_00016.tif,milton/tiles/fp4/masks/tile_00016.tif
2025_Tile_Data/Only_PNG_Data/fp4/UAVSAR/tile_30_16.tif,2025_Tile_Data/Only_PNG_Data/fp4/flood_mask/tile_30_16.tif
milton/tiles/fp3/uavsar/tile_00032.tif,milton/tiles/fp3/masks/tile_00032.tif
2025_Tile_Data/Only_PNG_Data/fp4/UAVSAR/tile_28_18.tif,2025_Tile_Data/Only_PNG_Data/fp4/flood_mask/tile_28_18.tif
2025_Tile_Data/Only_PNG_Data/fp3/UAVSAR/tile_37_34.tif,2025_Tile_Data/Only_PNG_Data/fp3/flood_mask/tile_37_34.tif
2025_Tile_Data/Only_PNG_Data/fp2/UAVSAR/tile_38_47.tif,2025_Tile_Data/Only_PNG_Data/fp2/flood_mask/tile_38_47.tif
milton/tiles/fp6/uavsar/tile_00031.tif,milton/tiles/fp6/masks/tile_00031.tif
2025_Tile_Data/Only_PNG_Data/fp3/UAVSAR/tile_30_32.tif,2025_Tile_Data/Only_PNG_Data/fp3/flood_mask/tile_30_32.tif
milton/tiles/fp1/uavsar/tile_00080.tif,milton/tiles/fp1/masks/tile_00080.tif
milton/tiles/fp1/uavsar/tile_00113.tif,milton/tiles/fp1/masks/tile_00113.tif
2025_Tile_Data/Only_PNG_Data/fp3/UAVSAR/tile_44_40.tif,2025_Tile_Data/Only_PNG_Data/fp3/flood_mask/tile_44_40.tif
milton/tiles/fp6/uavsar/tile_00098.tif,milton/tiles/fp6/masks/tile_00098.tif
2025_Tile_Data/Only_PNG_Data/fp6/UAVSAR/tile_38_36.tif,2025_Tile_Data/Only_PNG_Data/fp6/flood_mask/tile_38_36.tif
2025_Tile_Data/Only_PNG_Data/fp7/UAVSAR/tile_14_55.tif,2025_Tile_Data/Only_PNG_Data/fp7/flood_mask/tile_14_55.tif
milton/tiles/fp2/uavsar/tile_00085.tif,milton/tiles/fp2/masks/tile_00085.tif
2025_Tile_Data/Only_PNG_Data/fp7/UAVSAR/tile_26_65.tif,2025_Tile_Data/Only_PNG_Data/fp7/flood_mask/tile_26_65.tif
milton/tiles/fp2/uavsar/tile_00087.tif,milton/tiles/fp2/masks/tile_00087.tif
milton/tiles/fp6/uavsar/tile_00013.tif,milton/tiles/fp6/masks/tile_00013.tif
2025_Tile_Data/Only_PNG_Data/fp5/UAVSAR/tile_35_24.tif,2025_Tile_Data/Only_PNG_Data/fp5/flood_mask/tile_35_24.tif
milton/tiles/fp1/uavsar/tile_00173.tif,milton/tiles/fp1/masks/tile_00173.tif
milton/tiles/fp7/uavsar/tile_00015.tif,milton/tiles/fp7/masks/tile_00015.tif
milton/tiles/fp6/uavsar/tile_00009.tif,milton/tiles/fp6/masks/tile_00009.tif
2025_Tile_Data/Only_PNG_Data/fp5/UAVSAR/tile_31_19.tif,2025_Tile_Data/Only_PNG_Data/fp5/flood_mask/tile_31_19.tif
milton/tiles/fp7/uavsar/tile_00032.tif,milton/tiles/fp7/masks/tile_00032.tif
2025_Tile_Data/Only_PNG_Data/fp5/UAVSAR/tile_36_21.tif,2025_Tile_Data/Only_PNG_Data/fp5/flood_mask/tile_36_21.tif
2025_Tile_Data/Only_PNG_Data/fp3/UAVSAR/tile_45_41.tif,2025_Tile_Data/Only_PNG_Data/fp3/flood_mask/tile_45_41.tif
milton/tiles/fp1/uavsar/tile_00009.tif,milton/tiles/fp1/masks/tile_00009.tif
milton/tiles/fp3/uavsar/tile_00063.tif,milton/tiles/fp3/masks/tile_00063.tif
2025_Tile_Data/Only_PNG_Data/fp6/UAVSAR/tile_46_44.tif,2025_Tile_Data/Only_PNG_Data/fp6/flood_mask/tile_46_44.tif
milton/tiles/fp1/uavsar/tile_00092.tif,milton/tiles/fp1/masks/tile_00092.tif
milton/tiles/fp3/uavsar/tile_00089.tif,milton/tiles/fp3/masks/tile_00089.tif
2025_Tile_Data/Only_PNG_Data/fp4/UAVSAR/tile_42_29.tif,2025_Tile_Data/Only_PNG_Data/fp4/flood_mask/tile_42_29.tif
2025_Tile_Data/Only_PNG_Data/fp6/UAVSAR/tile_25_24.tif,2025_Tile_Data/Only_PNG_Data/fp6/flood_mask/tile_25_24.tif
milton/tiles/fp5/uavsar/tile_00048.tif,milton/tiles/fp5/masks/tile_00048.tif
milton/tiles/fp2/uavsar/tile_00051.tif,milton/tiles/fp2/masks/tile_00051.tif
2025_Tile_Data/Only_PNG_Data/fp4/UAVSAR/tile_41_34.tif,2025_Tile_Data/Only_PNG_Data/fp4/flood_mask/tile_41_34.tif
2025_Tile_Data/Only_PNG_Data/fp2/UAVSAR/tile_46_48.tif,2025_Tile_Data/Only_PNG_Data/fp2/flood_mask/tile_46_48.tif
2025_Tile_Data/Only_PNG_Data/fp5/UAVSAR/tile_37_20.tif,2025_Tile_Data/Only_PNG_Data/fp5/flood_mask/tile_37_20.tif
2025_Tile_Data/Only_PNG_Data/fp7/UAVSAR/tile_15_53.tif,2025_Tile_Data/Only_PNG_Data/fp7/flood_mask/tile_15_53.tif
2025_Tile_Data/Only_PNG_Data/fp6/UAVSAR/tile_26_20.tif,2025_Tile_Data/Only_PNG_Data/fp6/flood_mask/tile_26_20.tif
milton/tiles/fp7/uavsar/tile_00023.tif,milton/tiles/fp7/masks/tile_00023.tif
2025_Tile_Data/Only_PNG_Data/fp4/UAVSAR/tile_45_37.tif,2025_Tile_Data/Only_PNG_Data/fp4/flood_mask/tile_45_37.tif
2025_Tile_Data/Only_PNG_Data/fp2/UAVSAR/tile_42_45.tif,2025_Tile_Data/Only_PNG_Data/fp2/flood_mask/tile_42_45.tif
milton/tiles/fp6/uavsar/tile_00073.tif,milton/tiles/fp6/masks/tile_00073.tif
milton/tiles/fp6/uavsar/tile_00057.tif,milton/tiles/fp6/masks/tile_00057.tif
2025_Tile_Data/Only_PNG_Data/fp6/UAVSAR/tile_28_22.tif,2025_Tile_Data/Only_PNG_Data/fp6/flood_mask/tile_28_22.tif
milton/tiles/fp4/uavsar/tile_00025.tif,milton/tiles/fp4/masks/tile_00025.tif
2025_Tile_Data/Only_PNG_Data/fp4/UAVSAR/tile_43_35.tif,2025_Tile_Data/Only_PNG_Data/fp4/flood_mask/tile_43_35.tif
milton/tiles/fp2/uavsar/tile_00030.tif,milton/tiles/fp2/masks/tile_00030.tif
milton/tiles/fp4/uavsar/tile_00032.tif,milton/tiles/fp4/masks/tile_00032.tif
milton/tiles/fp3/uavsar/tile_00057.tif,milton/tiles/fp3/masks/tile_00057.tif
2025_Tile_Data/Only_PNG_Data/fp5/UAVSAR/tile_37_24.tif,2025_Tile_Data/Only_PNG_Data/fp5/flood_mask/tile_37_24.tif
2025_Tile_Data/Only_PNG_Data/fp6/UAVSAR/tile_42_40.tif,2025_Tile_Data/Only_PNG_Data/fp6/flood_mask/tile_42_40.tif
milton/tiles/fp1/uavsar/tile_00016.tif,milton/tiles/fp1/masks/tile_00016.tif
2025_Tile_Data/Only_PNG_Data/fp4/UAVSAR/tile_30_23.tif,2025_Tile_Data/Only_PNG_Data/fp4/flood_mask/tile_30_23.tif
milton/tiles/fp7/uavsar/tile_00034.tif,milton/tiles/fp7/masks/tile_00034.tif
milton/tiles/fp5/uavsar/tile_00071.tif,milton/tiles/fp5/masks/tile_00071.tif
milton/tiles/fp1/uavsar/tile_00163.tif,milton/tiles/fp1/masks/tile_00163.tif
2025_Tile_Data/Only_PNG_Data/fp4/UAVSAR/tile_32_23.tif,2025_Tile_Data/Only_PNG_Data/fp4/flood_mask/tile_32_23.tif
milton/tiles/fp3/uavsar/tile_00047.tif,milton/tiles/fp3/masks/tile_00047.tif
milton/tiles/fp2/uavsar/tile_00137.tif,milton/tiles/fp2/masks/tile_00137.tif
2025_Tile_Data/Only_PNG_Data/fp3/UAVSAR/tile_25_24.tif,2025_Tile_Data/Only_PNG_Data/fp3/flood_mask/tile_25_24.tif
milton/tiles/fp3/uavsar/tile_00074.tif,milton/tiles/fp3/masks/tile_00074.tif
milton/tiles/fp4/uavsar/tile_00022.tif,milton/tiles/fp4/masks/tile_00022.tif
milton/tiles/fp5/uavsar/tile_00015.tif,milton/tiles/fp5/masks/tile_00015.tif
2025_Tile_Data/Only_PNG_Data/fp5/UAVSAR/tile_36_25.tif,2025_Tile_Data/Only_PNG_Data/fp5/flood_mask/tile_36_25.tif
milton/tiles/fp3/uavsar/tile_00119.tif,milton/tiles/fp3/masks/tile_00119.tif
2025_Tile_Data/Only_PNG_Data/fp4/UAVSAR/tile_41_31.tif,2025_Tile_Data/Only_PNG_Data/fp4/flood_mask/tile_41_31.tif
2025_Tile_Data/Only_PNG_Data/fp6/UAVSAR/tile_37_28.tif,2025_Tile_Data/Only_PNG_Data/fp6/flood_mask/tile_37_28.tif
2025_Tile_Data/Only_PNG_Data/fp6/UAVSAR/tile_40_37.tif,2025_Tile_Data/Only_PNG_Data/fp6/flood_mask/tile_40_37.tif
2025_Tile_Data/Only_PNG_Data/fp4/UAVSAR/tile_30_22.tif,2025_Tile_Data/Only_PNG_Data/fp4/flood_mask/tile_30_22.tif
2025_Tile_Data/Only_PNG_Data/fp6/UAVSAR/tile_39_34.tif,2025_Tile_Data/Only_PNG_Data/fp6/flood_mask/tile_39_34.tif
milton/tiles/fp3/uavsar/tile_00048.tif,milton/tiles/fp3/masks/tile_00048.tif
2025_Tile_Data/Only_PNG_Data/fp7/UAVSAR/tile_36_76.tif,2025_Tile_Data/Only_PNG_Data/fp7/flood_mask/tile_36_76.tif
milton/tiles/fp6/uavsar/tile_00164.tif,milton/tiles/fp6/masks/tile_00164.tif
milton/tiles/fp6/uavsar/tile_00157.tif,milton/tiles/fp6/masks/tile_00157.tif
2025_Tile_Data/Only_PNG_Data/fp3/UAVSAR/tile_34_30.tif,2025_Tile_Data/Only_PNG_Data/fp3/flood_mask/tile_34_30.tif
milton/tiles/fp7/uavsar/tile_00019.tif,milton/tiles/fp7/masks/tile_00019.tif
2025_Tile_Data/Only_PNG_Data/fp3/UAVSAR/tile_27_27.tif,2025_Tile_Data/Only_PNG_Data/fp3/flood_mask/tile_27_27.tif
2025_Tile_Data/Only_PNG_Data/fp5/UAVSAR/tile_42_29.tif,2025_Tile_Data/Only_PNG_Data/fp5/flood_mask/tile_42_29.tif
milton/tiles/fp6/uavsar/tile_00067.tif,milton/tiles/fp6/masks/tile_00067.tif
2025_Tile_Data/Only_PNG_Data/fp4/UAVSAR/tile_45_34.tif,2025_Tile_Data/Only_PNG_Data/fp4/flood_mask/tile_45_34.tif
milton/tiles/fp3/uavsar/tile_00101.tif,milton/tiles/fp3/masks/tile_00101.tif
2025_Tile_Data/Only_PNG_Data/fp2/UAVSAR/tile_37_48.tif,2025_Tile_Data/Only_PNG_Data/fp2/flood_mask/tile_37_48.tif
2025_Tile_Data/Only_PNG_Data/fp3/UAVSAR/tile_24_25.tif,2025_Tile_Data/Only_PNG_Data/fp3/flood_mask/tile_24_25.tif
milton/tiles/fp5/uavsar/tile_00020.tif,milton/tiles/fp5/masks/tile_00020.tif
2025_Tile_Data/Only_PNG_Data/fp4/UAVSAR/tile_37_27.tif,2025_Tile_Data/Only_PNG_Data/fp4/flood_mask/tile_37_27.tif
milton/tiles/fp2/uavsar/tile_00072.tif,milton/tiles/fp2/masks/tile_00072.tif
2025_Tile_Data/Only_PNG_Data/fp6/UAVSAR/tile_38_35.tif,2025_Tile_Data/Only_PNG_Data/fp6/flood_mask/tile_38_35.tif
milton/tiles/fp3/uavsar/tile_00013.tif,milton/tiles/fp3/masks/tile_00013.tif
milton/tiles/fp3/uavsar/tile_00034.tif,milton/tiles/fp3/masks/tile_00034.tif
2025_Tile_Data/Only_PNG_Data/fp5/UAVSAR/tile_43_30.tif,2025_Tile_Data/Only_PNG_Data/fp5/flood_mask/tile_43_30.tif
milton/tiles/fp2/uavsar/tile_00020.tif,milton/tiles/fp2/masks/tile_00020.tif
2025_Tile_Data/Only_PNG_Data/fp3/UAVSAR/tile_27_25.tif,2025_Tile_Data/Only_PNG_Data/fp3/flood_mask/tile_27_25.tif
2025_Tile_Data/Only_PNG_Data/fp6/UAVSAR/tile_42_38.tif,2025_Tile_Data/Only_PNG_Data/fp6/flood_mask/tile_42_38.tif
2025_Tile_Data/Only_PNG_Data/fp3/UAVSAR/tile_41_37.tif,2025_Tile_Data/Only_PNG_Data/fp3/flood_mask/tile_41_37.tif
milton/tiles/fp1/uavsar/tile_00168.tif,milton/tiles/fp1/masks/tile_00168.tif
milton/tiles/fp1/uavsar/tile_00010.tif,milton/tiles/fp1/masks/tile_00010.tif
milton/tiles/fp5/uavsar/tile_00072.tif,milton/tiles/fp5/masks/tile_00072.tif
2025_Tile_Data/Only_PNG_Data/fp2/UAVSAR/tile_36_47.tif,2025_Tile_Data/Only_PNG_Data/fp2/flood_mask/tile_36_47.tif
milton/tiles/fp6/uavsar/tile_00136.tif,milton/tiles/fp6/masks/tile_00136.tif
2025_Tile_Data/Only_PNG_Data/fp5/UAVSAR/tile_36_20.tif,2025_Tile_Data/Only_PNG_Data/fp5/flood_mask/tile_36_20.tif
milton/tiles/fp2/uavsar/tile_00126.tif,milton/tiles/fp2/masks/tile_00126.tif
2025_Tile_Data/Only_PNG_Data/fp6/UAVSAR/tile_33_31.tif,2025_Tile_Data/Only_PNG_Data/fp6/flood_mask/tile_33_31.tif
2025_Tile_Data/Only_PNG_Data/fp6/UAVSAR/tile_38_30.tif,2025_Tile_Data/Only_PNG_Data/fp6/flood_mask/tile_38_30.tif
2025_Tile_Data/Only_PNG_Data/fp3/UAVSAR/tile_32_33.tif,2025_Tile_Data/Only_PNG_Data/fp3/flood_mask/tile_32_33.tif
2025_Tile_Data/Only_PNG_Data/fp6/UAVSAR/tile_42_41.tif,2025_Tile_Data/Only_PNG_Data/fp6/flood_mask/tile_42_41.tif
2025_Tile_Data/Only_PNG_Data/fp3/UAVSAR/tile_31_30.tif,2025_Tile_Data/Only_PNG_Data/fp3/flood_mask/tile_31_30.tif
milton/tiles/fp7/uavsar/tile_00030.tif,milton/tiles/fp7/masks/tile_00030.tif
2025_Tile_Data/Only_PNG_Data/fp6/UAVSAR/tile_31_25.tif,2025_Tile_Data/Only_PNG_Data/fp6/flood_mask/tile_31_25.tif
milton/tiles/fp6/uavsar/tile_00047.tif,milton/tiles/fp6/masks/tile_00047.tif
2025_Tile_Data/Only_PNG_Data/fp4/UAVSAR/tile_42_34.tif,2025_Tile_Data/Only_PNG_Data/fp4/flood_mask/tile_42_34.tif
2025_Tile_Data/Only_PNG_Data/fp4/UAVSAR/tile_29_15.tif,2025_Tile_Data/Only_PNG_Data/fp4/flood_mask/tile_29_15.tif
milton/tiles/fp7/uavsar/tile_00005.tif,milton/tiles/fp7/masks/tile_00005.tif
2025_Tile_Data/Only_PNG_Data/fp6/UAVSAR/tile_32_26.tif,2025_Tile_Data/Only_PNG_Data/fp6/flood_mask/tile_32_26.tif
2025_Tile_Data/Only_PNG_Data/fp7/UAVSAR/tile_23_66.tif,2025_Tile_Data/Only_PNG_Data/fp7/flood_mask/tile_23_66.tif
milton/tiles/fp5/uavsar/tile_00007.tif,milton/tiles/fp5/masks/tile_00007.tif
2025_Tile_Data/Only_PNG_Data/fp4/UAVSAR/tile_29_23.tif,2025_Tile_Data/Only_PNG_Data/fp4/flood_mask/tile_29_23.tif
milton/tiles/fp6/uavsar/tile_00134.tif,milton/tiles/fp6/masks/tile_00134.tif
milton/tiles/fp6/uavsar/tile_00038.tif,milton/tiles/fp6/masks/tile_00038.tif
2025_Tile_Data/Only_PNG_Data/fp2/UAVSAR/tile_18_46.tif,2025_Tile_Data/Only_PNG_Data/fp2/flood_mask/tile_18_46.tif
milton/tiles/fp6/uavsar/tile_00141.tif,milton/tiles/fp6/masks/tile_00141.tif
2025_Tile_Data/Only_PNG_Data/fp5/UAVSAR/tile_39_27.tif,2025_Tile_Data/Only_PNG_Data/fp5/flood_mask/tile_39_27.tif
milton/tiles/fp2/uavsar/tile_00096.tif,milton/tiles/fp2/masks/tile_00096.tif
2025_Tile_Data/Only_PNG_Data/fp7/UAVSAR/tile_34_74.tif,2025_Tile_Data/Only_PNG_Data/fp7/flood_mask/tile_34_74.tif
2025_Tile_Data/Only_PNG_Data/fp4/UAVSAR/tile_43_37.tif,2025_Tile_Data/Only_PNG_Data/fp4/flood_mask/tile_43_37.tif
2025_Tile_Data/Only_PNG_Data/fp7/UAVSAR/tile_22_64.tif,2025_Tile_Data/Only_PNG_Data/fp7/flood_mask/tile_22_64.tif
milton/tiles/fp7/uavsar/tile_00027.tif,milton/tiles/fp7/masks/tile_00027.tif
milton/tiles/fp5/uavsar/tile_00014.tif,milton/tiles/fp5/masks/tile_00014.tif
milton/tiles/fp3/uavsar/tile_00077.tif,milton/tiles/fp3/masks/tile_00077.tif
milton/tiles/fp5/uavsar/tile_00044.tif,milton/tiles/fp5/masks/tile_00044.tif
2025_Tile_Data/Only_PNG_Data/fp4/UAVSAR/tile_39_25.tif,2025_Tile_Data/Only_PNG_Data/fp4/flood_mask/tile_39_25.tif
milton/tiles/fp2/uavsar/tile_00039.tif,milton/tiles/fp2/masks/tile_00039.tif
2025_Tile_Data/Only_PNG_Data/fp2/UAVSAR/tile_28_46.tif,2025_Tile_Data/Only_PNG_Data/fp2/flood_mask/tile_28_46.tif
milton/tiles/fp2/uavsar/tile_00122.tif,milton/tiles/fp2/masks/tile_00122.tif
milton/tiles/fp1/uavsar/tile_00104.tif,milton/tiles/fp1/masks/tile_00104.tif
2025_Tile_Data/Only_PNG_Data/fp4/UAVSAR/tile_46_36.tif,2025_Tile_Data/Only_PNG_Data/fp4/flood_mask/tile_46_36.tif
2025_Tile_Data/Only_PNG_Data/fp4/UAVSAR/tile_43_33.tif,2025_Tile_Data/Only_PNG_Data/fp4/flood_mask/tile_43_33.tif
2025_Tile_Data/Only_PNG_Data/fp3/UAVSAR/tile_31_32.tif,2025_Tile_Data/Only_PNG_Data/fp3/flood_mask/tile_31_32.tif
2025_Tile_Data/Only_PNG_Data/fp2/UAVSAR/tile_30_45.tif,2025_Tile_Data/Only_PNG_Data/fp2/flood_mask/tile_30_45.tif
2025_Tile_Data/Only_PNG_Data/fp2/UAVSAR/tile_31_45.tif,2025_Tile_Data/Only_PNG_Data/fp2/flood_mask/tile_31_45.tif
2025_Tile_Data/Only_PNG_Data/fp7/UAVSAR/tile_23_65.tif,2025_Tile_Data/Only_PNG_Data/fp7/flood_mask/tile_23_65.tif
milton/tiles/fp2/uavsar/tile_00099.tif,milton/tiles/fp2/masks/tile_00099.tif
2025_Tile_Data/Only_PNG_Data/fp3/UAVSAR/tile_29_30.tif,2025_Tile_Data/Only_PNG_Data/fp3/flood_mask/tile_29_30.tif
milton/tiles/fp2/uavsar/tile_00006.tif,milton/tiles/fp2/masks/tile_00006.tif
milton/tiles/fp6/uavsar/tile_00000.tif,milton/tiles/fp6/masks/tile_00000.tif
milton/tiles/fp4/uavsar/tile_00008.tif,milton/tiles/fp4/masks/tile_00008.tif
2025_Tile_Data/Only_PNG_Data/fp3/UAVSAR/tile_34_35.tif,2025_Tile_Data/Only_PNG_Data/fp3/flood_mask/tile_34_35.tif
milton/tiles/fp5/uavsar/tile_00086.tif,milton/tiles/fp5/masks/tile_00086.tif
2025_Tile_Data/Only_PNG_Data/fp3/UAVSAR/tile_44_42.tif,2025_Tile_Data/Only_PNG_Data/fp3/flood_mask/tile_44_42.tif
2025_Tile_Data/Only_PNG_Data/fp4/UAVSAR/tile_44_34.tif,2025_Tile_Data/Only_PNG_Data/fp4/flood_mask/tile_44_34.tif
2025_Tile_Data/Only_PNG_Data/fp5/UAVSAR/tile_31_15.tif,2025_Tile_Data/Only_PNG_Data/fp5/flood_mask/tile_31_15.tif
2025_Tile_Data/Only_PNG_Data/fp5/UAVSAR/tile_39_21.tif,2025_Tile_Data/Only_PNG_Data/fp5/flood_mask/tile_39_21.tif
milton/tiles/fp6/uavsar/tile_00002.tif,milton/tiles/fp6/masks/tile_00002.tif
2025_Tile_Data/Only_PNG_Data/fp2/UAVSAR/tile_27_47.tif,2025_Tile_Data/Only_PNG_Data/fp2/flood_mask/tile_27_47.tif
2025_Tile_Data/Only_PNG_Data/fp3/UAVSAR/tile_37_39.tif,2025_Tile_Data/Only_PNG_Data/fp3/flood_mask/tile_37_39.tif
milton/tiles/fp3/uavsar/tile_00056.tif,milton/tiles/fp3/masks/tile_00056.tif
